CFPL_Code,Product_Name,Product_Carbon_Footprint_Data,Company_Name,Declared_Unit
1608471001,滑鼠,3.8kg,致伸科技股份有限公司,一支滑鼠(含包裝)
1616812001,不動產買賣仲介服務,550kg,信義房屋仲介股份有限公司,每一筆成交案件-不動產買賣仲介服務
1708424001,簡易型加壓式滅火器,30kg,成綸企業股份有限公司,每瓶(重?5.584 Kg)
1716312003,myMusic線上音樂,0.6g,台灣大哥大股份有限公司,消費者每傳輸1MB之資料量 (行動網路、音樂)
1716312002,myVideo線上影音,0.6g,台灣大哥大股份有限公司,消費者每傳輸1MB之資料量 (行動網路、影音)
1716312001,myBook線上書城,0.8g,台灣大哥大股份有限公司,消費者每傳輸1MB之資料量 (行動網路、電子書)
1700401001,100%純鮮乳,2.4kg,行政院農業委員會畜產試驗所,每瓶930 mL
1700000001,國泰TWIN PARK,170kg,國泰建設股份有限公司,每平方公尺室內樓地板面積-每年(H類)
1701905001,鳳梨酥(1入裝),170g,舊振南食品股份有限公司,每顆35g
1701905002,鳳梨酥(6入裝),200g,舊振南食品股份有限公司,每顆35g
1701905003,鳳梨酥(9入裝),190g,舊振南食品股份有限公司,每顆35g
1701905004,鳳梨酥(12入裝),190g,舊振南食品股份有限公司,每顆35g
1701905005,台灣金獎鳳梨酥,180g,郭元益食品股份有限公司,一個淨重42+-4g之包裝台灣金獎鳳梨酥
1703305003,香檳玫瑰護髮油,800g,歐萊德國際股份有限公司,每瓶100ml
1703305002,竹萃極致保濕護髮包,220g,歐萊德國際股份有限公司,每包70ml
1700203007,究好豬-胛心薄片,7.5kg,祥圃實業股份有限公司,每包(200g)
1700203003,究好豬-里肌小排丁,11kg,祥圃實業股份有限公司,每包(300g)
1700203001,究好豬-龍骨,11kg,祥圃實業股份有限公司,每包(300g)
1700203014,究好豬-五花薄片,7.5kg,祥圃實業股份有限公司,每包(200g)
1700203013,究好豬-五花厚片,7.5kg,祥圃實業股份有限公司,每包(200g)
1700203012,究好豬-梅花厚片,7.5kg,祥圃實業股份有限公司,每包(200g)
1700203011,究好豬-梅花薄片,7.5kg,祥圃實業股份有限公司,每包(200g)
1700203010,究好豬-低脂肉絲,7.5kg,祥圃實業股份有限公司,每包(200g)
1700203009,究好豬-低脂絞肉,7.5kg,祥圃實業股份有限公司,每包(200g)
1700203008,究好豬-松?肉,7.5kg,祥圃實業股份有限公司,每包(200g)
1700203006,究好豬-帶皮五花肉條15mm,7.5kg,祥圃實業股份有限公司,每包(200g)
1700203005,究好豬-霜降肉,9kg,祥圃實業股份有限公司,每包(250g)
1700203004,究好豬-支骨(短),11kg,祥圃實業股份有限公司,每包(300g)
1700203002,究好豬-排骨丁,11kg,祥圃實業股份有限公司,每包(300g)
1713700001,中部科學工業園區台中園區污水處理廠-廢(污)水處理服務,450g,山林水環境工程股份有限公司,每1立方公尺廢(污)水處理量
R1701905001,台灣金獎鳳梨酥,-,郭元益食品股份有限公司,-
1701212001,元本山味付海苔,220g,聯華食品工業股份有限公司,元本山味付海苔 (每包，含包材45公克)
1702202010,生活泡沫奶茶 300ml,170g,三皇生物科技股份有限公司,1包(300ml)
1702202001,生活泡沫綠茶 500ml,200g,三皇生物科技股份有限公司,1包(500ml)
1702202005,生活泡沫綠茶 300ml,120g,三皇生物科技股份有限公司,1包(300ml)
1702202004,生活泡沫綠茶 250ml,100g,三皇生物科技股份有限公司,1包(250ml)
1702202003,生活泡沫紅茶 500ml,180g,三皇生物科技股份有限公司,1包(500ml)
1702202006,生活泡沫紅茶 300ml,120g,三皇生物科技股份有限公司,1包(300ml)
1702202002,生活泡沫紅茶 250ml,100g,三皇生物科技股份有限公司,1包(250ml)
1702201010,麥香奶茶TP300ml,140g,統一企業股份有限公司,1包(300ml)
1702201009,麥香綠茶TP300ml,120g,統一企業股份有限公司,1包(300ml)
1702201008,麥香紅茶TP375ml,160g,統一企業股份有限公司,1包(375ml)
1702201007,麥香紅茶TP300ml,120g,統一企業股份有限公司,1包(300ml)
1702201006,麥香奶茶TP375ml,200g,統一企業股份有限公司,1包(375ml)
1702201005,麥香奶茶TP250ml,130g,統一企業股份有限公司,1包(250ml)
1702201004,麥香紅茶TP250ml,100g,統一企業股份有限公司,1包(250ml)
1702201003,麥香綠茶TP250ml,110g,統一企業股份有限公司,1包(250ml)
1716412002,第一銀行臨櫃服務,2kg,第一商業銀行(股)公司,每服務人次(銀行業)
1716412001,第一銀行臨櫃服務,800g,第一商業銀行(股)公司,每服務人次(銀行業)
1701902001,統一麵 肉燥風味,220g,統一企業股份有限公司,淨重：85公克/包
1706404001,抗靜電無塵鞋,7kg,億川科技股份有限公司,每雙重量749.1g
1706211001,抗靜電無塵衣,6kg,億川科技股份有限公司,每件重量378.4g
1707323001,湯匙,950g,亨將精密工業股份有限公司,每支湯匙(淨重量43.8g)
1704802006,Paper Star影印紙,3.6kg,中華紙漿股份有限公司,"A4,70g(210mm x 297mm)每包500張"
1704802005,Paper Star影印紙,5.5kg,中華紙漿股份有限公司,"B4,70g (257mm x 364mm)每包500張"
1704802004,Paper Star影印紙,7.5kg,中華紙漿股份有限公司,"A3,70g(297mm x 420mm)每包500張"
1704802003,Paper Star影印紙,4kg,中華紙漿股份有限公司,"A4,80g(210mm x 297mm)每包500張"
1704802002,Paper Star影印紙,6.5kg,中華紙漿股份有限公司,"B4,80g(257mm x 364mm)每包500張"
1704802001,Paper Star影印紙,8.5kg,中華紙漿股份有限公司,"A3,80g(297mm x 420mm)每包500張"
1706201013,男款綠森林防水透濕外套,16kg,歐都納股份有限公司,每件重量357g
1706201012,男款綠森林防水透濕外套,16kg,歐都納股份有限公司,每件重量378g
1706201011,男款綠森林防水透濕外套,17kg,歐都納股份有限公司,每件重量394g
1706201010,男款綠森林防水透濕外套,18kg,歐都納股份有限公司,每件重量409g
1706201009,女款綠森林防水透濕外套,14kg,歐都納股份有限公司,每件重量302g
1706201008,女款綠森林防水透濕外套,14kg,歐都納股份有限公司,每件重量318g
1706201007,女款綠森林防水透濕外套,15kg,歐都納股份有限公司,每件重量332g
1706201006,女款綠森林防水透濕外套,16kg,歐都納股份有限公司,每件重量343g
1706201005,綠森林防水透濕外長褲,10kg,歐都納股份有限公司,每件重量206g
1706201004,綠森林防水透濕外長褲,10kg,歐都納股份有限公司,每件重量216g
1706201003,綠森林防水透濕外長褲,11kg,歐都納股份有限公司,每件重量226g
1706201002,綠森林防水透濕外長褲,11kg,歐都納股份有限公司,每件重量238g
1706201001,綠森林防水透濕外長褲,11kg,歐都納股份有限公司,每件重量244g
R1716812001,不動產買賣仲介服務,-,信義房屋仲介股份有限公司,-
1704823025,"蛋捲娃娃(彩浪紙, DIY 材料包)",400g,埔里造紙股份有限公司,每包(37g)
1704823024,"蛋捲娃娃(彩浪紙, DIY 材料包)",1.2kg,埔里造紙股份有限公司,每包(116g)
1704823023,"蛋捲娃娃(彩浪紙, DIY 材料包)",950g,埔里造紙股份有限公司,每包(97g)
1704823022,"蛋捲娃娃(彩浪紙, DIY 材料包)",800g,埔里造紙股份有限公司,每包(80g)
1704823021,"蛋捲娃娃(彩浪紙, DIY 材料包)",800g,埔里造紙股份有限公司,每包(80g)
1704823020,"蛋捲娃娃(彩浪紙, DIY 材料包)",800g,埔里造紙股份有限公司,每包(88g)
1704823019,"蛋捲娃娃(彩浪紙, DIY 材料包)",800g,埔里造紙股份有限公司,每包(82g)
1704823018,"蛋捲娃娃(彩浪紙, DIY 材料包)",750g,埔里造紙股份有限公司,每包(79g)
1704823017,"蛋捲娃娃(彩浪紙, DIY 材料包)",800g,埔里造紙股份有限公司,每包(81g)
1704823016,"蛋捲娃娃(彩浪紙, DIY 材料包)",800g,埔里造紙股份有限公司,每包(80g)
1704823015,"蛋捲娃娃(彩浪紙, DIY 材料包)",750g,埔里造紙股份有限公司,每包(80g)
1704823014,"蛋捲娃娃(彩浪紙, DIY 材料包)",800g,埔里造紙股份有限公司,每包(80g)
1704823013,"蛋捲娃娃(彩浪紙, DIY 材料包)",800g,埔里造紙股份有限公司,每包(94g)
1704823012,"蛋捲娃娃(彩浪紙, DIY 材料包)",200g,埔里造紙股份有限公司,每包(19g)
1704823011,"蛋捲娃娃(彩浪紙, DIY 材料包)",200g,埔里造紙股份有限公司,每包(22g)
1704823010,"蛋捲娃娃(彩浪紙, DIY 材料包)",190g,埔里造紙股份有限公司,每包(19g)
1704823009,"蛋捲娃娃(彩浪紙, DIY 材料包)",190g,埔里造紙股份有限公司,每包(20g)
1704823008,"蛋捲娃娃(彩浪紙, DIY 材料包)",190g,埔里造紙股份有限公司,每包(19g)
1704823007,"蛋捲娃娃(彩浪紙, DIY 材料包)",190g,埔里造紙股份有限公司,每包(20g)
1704823006,"蛋捲娃娃(彩浪紙, DIY 材料包)",190g,埔里造紙股份有限公司,每包(19g)
1704823005,"蛋捲娃娃(彩浪紙, DIY 材料包)",240g,埔里造紙股份有限公司,每包(24g)
1704823004,"蛋捲娃娃(彩浪紙, DIY 材料包)",1.5kg,埔里造紙股份有限公司,每包(147g)
1704823003,"蛋捲娃娃(彩浪紙, DIY 材料包)",1.9kg,埔里造紙股份有限公司,每包(182g)
1704823002,"蛋捲娃娃(彩浪紙, DIY 材料包)",1.5kg,埔里造紙股份有限公司,每包(147g)
1704823001,"蛋捲娃娃(彩浪紙, DIY 材料包)",1.5kg,埔里造紙股份有限公司,每包(147g)
R1714910001,高速鐵路運輸服務,-,台灣高速鐵路股份有限公司,-
1715100001,航空旅客運輸服務,280g,華信航空股份有限公司,每人-每公里(松山-金門)
1715510004,台糖長榮酒店(台南)旅館住宿服務,75kg,台灣糖業股份有限公司台糖長榮酒店(台南),豪華客房(雙床)(10.5坪)每房-每天
1715510003,台糖長榮酒店(台南)旅館住宿服務,75kg,台灣糖業股份有限公司台糖長榮酒店(台南),豪華客房(單床)(10.5坪)每房-每天
1715510002,台糖長榮酒店(台南)旅館住宿服務,90kg,台灣糖業股份有限公司台糖長榮酒店(台南),闔家溫馨房(4人) (11坪)每房-每天
1715510001,台糖長榮酒店(台南)旅館住宿服務,90kg,台灣糖業股份有限公司台糖長榮酒店(台南),閤家雅緻房(4人)(11坪)每房-每天
1700407001,幸福牧場放山雞蛋,170g,幸福牧場股份有限公司,每粒紅殼雞蛋(含30粒紙盒)
1700407002,幸福牧場放山雞蛋珍珠卵,160g,幸福牧場股份有限公司,每粒紅殼雞蛋(含6粒紙盒)
1700407003,幸福牧場放山雞蛋珍珠卵,170g,幸福牧場股份有限公司,每粒紅殼雞蛋(含18粒紙盒)
1700407004,幸福牧場放山雞蛋,160g,幸福牧場股份有限公司,每粒紅殼雞蛋(含12粒紙盒)
1700407005,幸福牧場冷藏放山雞蛋,170g,勤億蛋品科技股份有限公司,每粒紅殼雞蛋(含10粒紙盒)
1700407006,幸福牧場放山雞蛋,170g,幸福牧場股份有限公司,每粒紅殼雞蛋(含8粒紙盒)
1700407007,幸福牧場幸福好蛋,170g,幸福牧場股份有限公司,每粒紅殼雞蛋(含6粒紙盒)
1700407008,勤億冷藏機能蛋,190g,勤億蛋品科技股份有限公司,每粒白殼雞蛋(含30粒紙盒)
1700407009,勤億冷藏機能蛋,180g,勤億蛋品科技股份有限公司,每粒白殼雞蛋(含10粒紙盒)
1700407010,勤億黃金葉黃素是好蛋,170g,勤億蛋品科技股份有限公司,每粒白殼雞蛋(含8粒紙盒)
1700407011,勤億葉黃素是好蛋,170g,勤億蛋品科技股份有限公司,每粒白殼雞蛋(含15粒紙盒)
1700407012,勤億葉黃素是好蛋,170g,勤億蛋品科技股份有限公司,每粒白殼雞蛋(含6粒LDPE盒)
1701905008,古早味蕃薯餅(純素),1.1kg,隆源餅行有限公司,"每袋(300g, 6入)"
1701905007,芋仔餅,1.8kg,隆源餅行有限公司,"每盒(400g, 8入)"
1701905006,蕃薯餅,1.7kg,隆源餅行有限公司,"每盒(400g, 8入)"
1703304006,左型C煥白精華面膜,120g,良冠生化科技有限公司,每片(39.6g)
1703304005,玫瑰膠原蛋白面膜,100g,良冠生化科技有限公司,每片(39.6g)
1703304004,牛奶柔膚嫩白面膜,110g,良冠生化科技有限公司,每片(39.6g)
1703304002,絲瓜露保濕修護面膜,110g,良冠生化科技有限公司,每片(39.6g)
1703304001,玻尿酸保濕面膜,100g,良冠生化科技有限公司,每片(39.6g)
1703304003,Q10緊緻潤白面膜,110g,良冠生化科技有限公司,每片(39.6g)
1713700002,科技部中部科學工業園區管理局虎尾園區污水處理廠 -廢(污)水處理服務,1.7kg,中欣行股份有限公司,每1立方公尺廢(污)水處理量
R1708471001,滑鼠,-,致伸科技股份有限公司,-
1800203001,梅花肉片300公克,2.4kg,台灣糖業股份有限公司畜殖事業部,每包(300g)
1800203056,後腿肉絲300公克,3.4kg,台灣糖業股份有限公司畜殖事業部,每包(300g)
1800203055,安心豚里肌肉排300公克,3.4kg,台灣糖業股份有限公司畜殖事業部,每包(300g)
1800203054,安心豚梅花肉排300公克,3.4kg,台灣糖業股份有限公司畜殖事業部,每包(300g)
1800203053,安心豚五花肉300公克,3.6kg,台灣糖業股份有限公司畜殖事業部,每包(300g)
1800203052,安心豚腱子肉300公克,3.4kg,台灣糖業股份有限公司畜殖事業部,每包(300g)
1800203051,安心豚炒肉片250公克,2.8kg,台灣糖業股份有限公司畜殖事業部,每包(250g)
1800203050,安心豚特細後腿肉絲250公克,2.8kg,台灣糖業股份有限公司畜殖事業部,每包(250g)
1800203049,安心豚白玉五花肉片200公克,2.4kg,台灣糖業股份有限公司畜殖事業部,每包(200g)
1800203048,安心豚龍骨300公克,3.4kg,台灣糖業股份有限公司畜殖事業部,每包(300g)
1800203047,安心豚低脂絞肉250公克,2.8kg,台灣糖業股份有限公司畜殖事業部,每包(250g)
1800203046,安心豚里肌火鍋肉片200公克,2.4kg,台灣糖業股份有限公司畜殖事業部,每包(200g)
1800203045,安心豚梅花肉片200公克,2.4kg,台灣糖業股份有限公司畜殖事業部,每包(200g)
1800203044,安心豚小排肉300公克,3.4kg,台灣糖業股份有限公司畜殖事業部,每包(300g)
1800203043,安心豚五花烤肉片500公克,6kg,台灣糖業股份有限公司畜殖事業部,每包(500g)
1800203042,安心豚梅花烤肉片500公克,6kg,台灣糖業股份有限公司畜殖事業部,每包(500g)
1800203041,安心豚里肌烤肉片500公克,6kg,台灣糖業股份有限公司畜殖事業部,每包(500g)
1800203040,安心豚里肌肉片500公克,6kg,台灣糖業股份有限公司畜殖事業部,每包(500g)
1800203039,安心豚梅花肉片500公克,6kg,台灣糖業股份有限公司畜殖事業部,每包(500g)
1800203038,安心豚白玉五花肉片500公克,6kg,台灣糖業股份有限公司畜殖事業部,每包(500g)
1800203037,低脂絞肉300公克,3.4kg,台灣糖業股份有限公司畜殖事業部,每包(300g)
1800203036,豬肉丁3公斤,24kg,台灣糖業股份有限公司畜殖事業部,每包(3kg)
1800203035,豬絞肉3公斤,24kg,台灣糖業股份有限公司畜殖事業部,每包(3kg)
1800203034,豬肉片3公斤,24kg,台灣糖業股份有限公司畜殖事業部,每包(3kg)
1800203033,前腿肉絲3公斤,24kg,台灣糖業股份有限公司畜殖事業部,每包(3kg)
1800203032,豬五花肉丁3公斤,24kg,台灣糖業股份有限公司畜殖事業部,每包(3kg)
1800203031,豬中排肉3公斤,24kg,台灣糖業股份有限公司畜殖事業部,每包(3kg)
1800203030,豬腳3公斤,24kg,台灣糖業股份有限公司畜殖事業部,每包(3kg)
1800203029,大骨3公斤,24kg,台灣糖業股份有限公司畜殖事業部,每包(3kg)
1800203028,龍骨3公斤,24kg,台灣糖業股份有限公司畜殖事業部,每包(3kg)
1800203027,帶骨里肌豬排3公斤,24kg,台灣糖業股份有限公司畜殖事業部,每包(3kg)
1800203026,里肌豬排3公斤,24kg,台灣糖業股份有限公司畜殖事業部,每包(3kg)
1800203025,低脂絞肉3公斤,24kg,台灣糖業股份有限公司畜殖事業部,每包(3kg)
1800203024,豬小排肉3公斤,24kg,台灣糖業股份有限公司畜殖事業部,每包(3kg)
1800203023,豬腱肉3公斤,24kg,台灣糖業股份有限公司畜殖事業部,每包(3kg)
1800203022,豬五花肉3公斤,24kg,台灣糖業股份有限公司畜殖事業部,每包(3kg)
1800203021,五花肉片3公斤,24kg,台灣糖業股份有限公司畜殖事業部,每包(3kg)
1800203020,梅花肉片1.5公斤,12kg,台灣糖業股份有限公司畜殖事業部,每包(1.5kg)
1800203019,五花火鍋肉片300公克,2.4kg,台灣糖業股份有限公司畜殖事業部,每包(300g)
1800203018,雪花肉1公斤,7.5kg,台灣糖業股份有限公司畜殖事業部,每包(1kg)
1800203017,豬絞肉300公克,2.4kg,台灣糖業股份有限公司畜殖事業部,每包(300g)
1800203016,豬肉片300公克,2.4kg,台灣糖業股份有限公司畜殖事業部,每包(300g)
1800203015,前腿肉絲300公克,2.4kg,台灣糖業股份有限公司畜殖事業部,每包(300g)
1800203014,豬中排肉600公克,5.5kg,台灣糖業股份有限公司畜殖事業部,每包(600g)
1800203013,豬心375公克,2.8kg,台灣糖業股份有限公司畜殖事業部,每包(375g)
1800203012,豬肚400公克,3kg,台灣糖業股份有限公司畜殖事業部,每包(400g)
1800203011,豬腳900公克,7kg,台灣糖業股份有限公司畜殖事業部,每包(900g)
1800203010,大骨900公克,7.5kg,台灣糖業股份有限公司畜殖事業部,每包(900g)
1800203009,龍骨600公克,4.5kg,台灣糖業股份有限公司畜殖事業部,每包(600g)
1800203008,豬肝300公克,2.4kg,台灣糖業股份有限公司畜殖事業部,每包(300g)
1800203007,里肌豬排300公克,2.4kg,台灣糖業股份有限公司畜殖事業部,每包(300g)
1800203006,豬腰內肉400公克,3kg,台灣糖業股份有限公司畜殖事業部,每包(400g)
1800203005,里肌火鍋肉片300公克,2.4kg,台灣糖業股份有限公司畜殖事業部,每包(300g)
1800203004,豬小排肉600公克,4.5kg,台灣糖業股份有限公司畜殖事業部,每包(600g)
1800203003,豬腱肉600公克,4.5kg,台灣糖業股份有限公司畜殖事業部,每包(600g)
1800203002,豬五花肉600公克,4.5kg,台灣糖業股份有限公司畜殖事業部,每包(600g)
1802208001,馬祖陳高15年,5.5kg,馬祖酒廠實業股份有限公司,每瓶(600mL、50度)
1813821001,廢橡膠處理服務(裂解處理),450kg,環拓科技股份有限公司,每公噸處理量(裂解處理)
1803402002,綻碳清潔元素,3.8kg,德大生技有限公司,每盒 1.5kg，紙盒
1803402001,綻碳洗碗精,2kg,德大生技有限公司,每瓶 1000ml，HDPE
1800407005,自然盤蛋,160g,瑞福食品股份有限公司,1顆(含紙盤)
1800407004,木崗高品質雞蛋冷藏白殼蛋(10顆),170g,瑞福食品股份有限公司,1顆 (含PLA盒)
1800407003,木崗高品質雞蛋冷藏紅殼蛋(10顆),150g,瑞福食品股份有限公司,1顆 (含PLA盒)
1800407002,木崗高品質雞蛋冷藏白殼蛋(6顆),170g,瑞福食品股份有限公司,1顆 (含PLA盒)
1800407001,木崗高品質雞蛋冷藏紅殼蛋(6顆),150g,瑞福食品股份有限公司,1顆 (含PLA盒)
1803924006,圓形保鮮盒,1.2kg,寀呈股份有限公司,每個，176g
1813700002,臺南市政府水利局柳營區水資源回收中心之每1立方公尺廢(污)水處理服務,500g,惠民實業股份有限公司,每1立方公尺廢(污)水處理量
1800714004,小巧烤地瓜(600公克),650g,瓜瓜園企業有限公司,1盒(600 g)
1800714005,冰烤蕃薯(900公克),1.1kg,瓜瓜園企業有限公司,1盒(900g)
1800714007,冰烤蕃薯(3公斤),3.2kg,瓜瓜園企業有限公司,1包(3kg)
1800714006,冰烤蕃薯(1公斤),1kg,瓜瓜園企業有限公司,1包(1 kg )
1800714003,冰烤蕃薯(500公克),700g,瓜瓜園企業有限公司,1盒(500 g)
1800714002,冰烤蕃薯(40公克),95g,瓜瓜園企業有限公司,1包(40 g)
1800714001,冰烤蕃薯(350公克),450g,瓜瓜園企業有限公司,1盒(350g)
1813700001,高雄市楠梓污水處理廠-廢(污)水處理服務,400g,山林水環境工程股份有限公司,每1立方公尺廢(污)水處理量
1715510005,桃園福容旅館住宿服務,55kg,福容大飯店股份有限公司桃園分公司,每房-每天(精緻客房，2人，6.92坪)
1715510006,桃園福容旅館住宿服務,55kg,福容大飯店股份有限公司桃園分公司,每房-每天(豪華客房，2人，7.50坪)
1715510007,桃園福容旅館住宿服務,55kg,福容大飯店股份有限公司桃園分公司,每房-每天(家庭三人房，3人，7.20坪)
1715510008,桃園福容旅館住宿服務,60kg,福容大飯店股份有限公司桃園分公司,每房-每天(家庭四人房，4人，7.96坪)
1703305007,綠茶洗髮精,26kg,歐萊德國際股份有限公司,每瓶1000ml
1703305006,茶樹洗髮精,10kg,歐萊德國際股份有限公司,每瓶400ml
1703305005,茶樹洗髮精,26kg,歐萊德國際股份有限公司,每瓶1000ml
1703305004,綠茶洗髮精,11kg,歐萊德國際股份有限公司,每瓶400ml
1714910001,高速鐵路運輸服務,34g,台灣高速鐵路股份有限公司,每人-每公里(高鐵)
1702202009,生活運動飲料 500ml,170g,三皇生物科技股份有限公司,1包(500ml)
1702202008,生活運動飲料 300ml,110g,三皇生物科技股份有限公司,1包(300ml)
1702202007,生活運動飲料 250ml,90g,三皇生物科技股份有限公司,1包(250ml)
1803924005,圓形保鮮盒,1.6kg,寀呈股份有限公司,每個，308g
1803924004,圓形保鮮盒,2kg,寀呈股份有限公司,每個，421g
1803924002,長方形保鮮盒,2.2kg,寀呈股份有限公司,每個，465g
1803924001,長方形保鮮盒,3kg,寀呈股份有限公司,每個，612g
1803924003,長方形保鮮盒,1.2kg,寀呈股份有限公司,每個，212g
1801006001,良質米,6kg,御皇米企業有限公司,每包(3.03公斤)
1803305001,芝彩橄欖洗髮精(500ml),13kg,昇宏國際企業股份有限公司,每瓶(500ml)
1803305003,芝彩橄欖洗髮精(1000ml),30kg,昇宏國際企業股份有限公司,每瓶(1000ml)
1803305002,芝彩橄欖洗髮精(75ml),2.4kg,昇宏國際企業股份有限公司,每瓶(75ml)
1802202001,統一陽光陽光黃金豆豆漿,380g,統一企業股份有限公司,"1盒(紙盒,450ml)"
1803926008,塑膠擦,36g,富樂夢股份有限公司,每塊ER-T40A塑膠擦(9.43g)
1803926007,塑膠擦,40g,富樂夢股份有限公司,每塊ER-T30A塑膠擦(13.57g)
1803926006,塑膠擦,40g,富樂夢股份有限公司,每塊ER-T33A塑膠擦(13.57g)
1803926005,塑膠擦,45g,富樂夢股份有限公司,每塊ER-T43A塑膠擦(12.3g)
1803926004,塑膠擦,45g,富樂夢股份有限公司,每塊ER-T24A塑膠擦(17.74g)
1803926003,塑膠擦,80g,富樂夢股份有限公司,每塊ER-T224A塑膠擦(20.66g)
1803926002,塑膠擦,80g,富樂夢股份有限公司,每塊ER-T20A塑膠擦(23.31g)
1803926001,塑膠擦,180g,富樂夢股份有限公司,每塊ER-T12A塑膠擦(46.84g)
1815510001,旅館住宿服務,30kg,國泰商旅股份有限公司民生分公司,舒適客房7.6坪(每房-每天)
1800407006,石安牧場動福蛋,80g,石安牧場,每顆(塑膠盤)
1802201001,悅氏礦泉水,270g,名牌食品股份有限公司,每瓶，1500 ml
1802201003,悅氏礦泉水,140g,名牌食品股份有限公司,每瓶，600 ml
1802201002,悅氏礦泉水,150g,名牌食品股份有限公司,每瓶，330 ml
1800407012,勤億是好機能蛋,170g,勤億蛋品科技股份有限公司,每粒白殼雞蛋(含8粒紙盒)
1814719001,太平洋崇光百貨零售服務(天母店),35g,太平洋崇光百貨股份有限公司,每平方公尺．每小時(百貨公司)
1802103001,3L-58°罈裝金門高粱酒,18kg,金門酒廠實業股份有限公司,每瓶(3L、58度)
1802103014,0.3L-38°金門高粱酒,1.3kg,金門酒廠實業股份有限公司,每瓶(300mL、38度)
1802103013,0.6L-38°金門高粱酒,2.4kg,金門酒廠實業股份有限公司,每瓶(600mL、38度)
1802103012,0.75L-38°金門高粱酒,3kg,金門酒廠實業股份有限公司,每瓶(750mL、38度)
1802103011,0.3L-58°金門高粱酒,1.7kg,金門酒廠實業股份有限公司,每瓶(300mL、58度)
1802103010,0.6L-58°金門高粱酒,3.2kg,金門酒廠實業股份有限公司,每瓶(600mL、58度)
1802103009,0.75L-58°金門高粱酒,4kg,金門酒廠實業股份有限公司,每瓶(750mL，58度)
1802103008,1L-58°罈裝金門高粱酒,7.5kg,金門酒廠實業股份有限公司,每瓶(1L、58度)
1802103007,2L-58°罈裝金門高粱酒,13kg,金門酒廠實業股份有限公司,每瓶(2L、58度)
1802103006,5L-58°罈裝金門高粱酒,30kg,金門酒廠實業股份有限公司,每瓶(5L、58度)
1802103005,1L-53°罈裝金門大高酒,7kg,金門酒廠實業股份有限公司,每瓶(1L、53度)
1802103004,2L-53°罈裝金門大高酒,13kg,金門酒廠實業股份有限公司,每瓶(2L、53度)
1802103003,3L-53°罈裝金門大高酒,18kg,金門酒廠實業股份有限公司,每瓶(3L、53度)
1802103002,5L-53°罈裝金門大高酒,30kg,金門酒廠實業股份有限公司,每瓶(5L、53度)
1817900004,臺灣綠島極度內太空潛水三日套裝行程,85kg,島嶼見學旅行社有限公司,一人次團體旅遊服務，臺灣綠島極度內太空潛水三日套裝行程，不含個人消費行為之碳足跡
1817900003,臺灣綠島漁村古道冒險王二日套裝行程,45kg,島嶼見學旅行社有限公司,一人次團體旅遊服務，臺灣綠島漁村古道冒險王二日套裝行程，不含個人消費行為之碳足跡
1817900002,臺灣綠島烏魚窟生態傳奇二日套裝行程,45kg,島嶼見學旅行社有限公司,一人次團體旅遊服務，臺灣綠島烏魚窟生態傳奇二日套裝行程，不含個人消費行為之碳足跡
1817900001,臺灣綠島護蟹軍團徵的就是你三日套裝行程,55kg,島嶼見學旅行社有限公司,一人次團體旅遊服務，臺灣綠島護蟹軍團徵的就是你三日套裝行程，不含個人消費行為之碳足跡
1802103015,1L-53度金門高粱酒三節配售專用酒,5kg,金門酒廠實業股份有限公司,每瓶(1L、53度)
R1814719001,太平洋崇光百貨零售服務(天母店),-,太平洋崇光百貨股份有限公司,-
1800407009,石安牧場動福蛋,110g,石安牧場,每顆(紙盤)
1800407010,石安牧場動福蛋,120g,石安牧場,每顆(PLA盒)
1800407011,石安牧場動福蛋,100g,石安牧場,每顆(紙盒)
1800407008,石安牧場動福蛋,120g,石安牧場,每顆雞蛋(含PLA盒)
1800407007,石安牧場動福蛋,100g,石安牧場,每顆(PLA盒)
R1800407004,石安牧場動福蛋,-,石安牧場,-
R1800407005,石安牧場動福蛋,-,石安牧場,-
R1800407003,石安牧場動福蛋,-,石安牧場,-
R1800407002,石安牧場動福蛋,-,石安牧場,-
R1800407001,石安牧場動福蛋,-,石安牧場,-
1802007001,虎爺正宗芝麻醬(2.7kg),6.5kg,富味鄉食品股份有限公司,每桶芝麻醬(2.7 kg)
1803305004,木蘭洗髮精,21kg,歐萊德國際股份有限公司,每瓶1000ml
1801507009,大豆沙拉油,1.7kg,台灣糖業股份有限公司小港廠,每瓶(1 L)
1801507008,大豆沙拉油,1kg,台灣糖業股份有限公司小港廠,每瓶(0.6 L)
1801507007,大豆沙拉油,3.4kg,台灣糖業股份有限公司小港廠,每瓶(2.0 L)
1801507006,大豆沙拉油,4.5kg,台灣糖業股份有限公司小港廠,每瓶(2.6 L)
1801507005,大豆沙拉油,30kg,台灣糖業股份有限公司小港廠,每桶(18 L)
1801507004,大豆沙拉油,5kg,台灣糖業股份有限公司小港廠,每瓶(3 L)
1801507003,大豆沙拉油,32kg,台灣糖業股份有限公司小港廠,每桶(19.56 L)
1801507002,烤酥油,3.4kg,台灣糖業股份有限公司小港廠,每瓶(2.0 L)
1801507001,烤酥油,30kg,台灣糖業股份有限公司小港廠,每桶(18 L)
1913700001,科技部南部科學園區高雄園區污水處理廠之每1立方公尺廢(污)水處理服務,300g,惠民實業股份有限公司,每1立方公尺廢(污)水處理量
1902201001,黑松茶花綠茶,260g,黑松股份有限公司,一瓶(580ml)
1902202001,黑松沙士,320g,黑松股份有限公司,每600ml
1902208001,馬祖陳高10年,4kg,馬祖酒廠實業股份有限公司,每瓶(600mL、50度)
1802106006,素食蒲提燻腿(純素),1.9kg,儒慧實業有限公司,每條重量1kg(冷凍)
1802106005,綠植纖猴頭菇火腿(純素),2kg,儒慧實業有限公司,每條重量1kg(冷凍)
1802106004,DHA微藻火腿(純素),1.8kg,儒慧實業有限公司,每條重量1kg(冷凍)
1802106003,蓮花香火腿(純素),1.8kg,儒慧實業有限公司,每條重量1kg(冷凍)
1902106001,原味茶葉蛋,2.4kg,金嘉隆企業有限公司,包(10顆)
1902106003,辣味茶葉蛋,2.4kg,金嘉隆企業有限公司,包(10顆)
1902106002,蛋願人長久四囍蛋禮,1.4kg,金嘉隆企業有限公司,包(4顆)
1902106004,頂級紅鑽茶葉蛋,1.9kg,金嘉隆企業有限公司,包(6顆)
1917721001,復康巴士租賃服務(型號：乙種小客車),750g,重安復康巴士有限公司,每人公里
1802106002,素食黑木耳糕,20kg,儒慧實業有限公司,每條重量3kg(冷凍)
1802106001,純素野菜干貝燒,22kg,儒慧實業有限公司,每條重量3kg(冷凍)
1801905004,綠豆椪-蛋黃,450g,舊振南食品股份有限公司,每顆75g
1801905003,綠豆椪-蘇東坡,450g,舊振南食品股份有限公司,每顆75g
1801905002,綠豆椪-香椪,280g,舊振南食品股份有限公司,每顆75g
1801905001,綠豆椪-李白,280g,舊振南食品股份有限公司,每顆75g
R1802106004,素食蒲提燻腿(純素),-,儒慧實業有限公司,-
R1802106003,綠植纖猴頭菇火腿(純素),-,儒慧實業有限公司,-
R1802106002,DHA微藻火腿(純素),-,儒慧實業有限公司,-
R1802106001,蓮花香火腿(純素),-,儒慧實業有限公司,-
1903305002,枸杞恆潤撫紋菁萃,700g,歐萊德國際股份有限公司,每瓶30ml
1903305001,茶樹洗手乳,1.6kg,歐萊德國際股份有限公司,每瓶1000ml
1902309006,GREENS葛莉思首席料理(牛肉),50kg,福壽實業股份有限公司,每包（淨重15kg，乾式）
1902309015,GREENS葛莉思首席料理(羊肉),50kg,福壽實業股份有限公司,每包（淨重13.5kg，乾式）
1902309014,GREENS葛莉思首席料理(羊肉),32kg,福壽實業股份有限公司,每包（淨重8kg，乾式）
1902309013,GREENS葛莉思首席料理(羊肉),28kg,福壽實業股份有限公司,每包（淨重7kg，乾式）
1902309012,GREENS葛莉思首席料理(羊肉),12kg,福壽實業股份有限公司,每包（淨重3kg，乾式）
1902309011,GREENS葛莉思首席料理(雞肉),50kg,福壽實業股份有限公司,每包（淨重15kg，乾式）
1902309010,GREENS葛莉思首席料理(雞肉),28kg,福壽實業股份有限公司,每包（淨重8kg，乾式）
1902309009,GREENS葛莉思犬食(雞肉),14kg,福壽實業股份有限公司,每包（淨重4kg，乾式）
1902309008,GREENS葛莉思犬食(羊肉),16kg,福壽實業股份有限公司,每包（淨重4kg，乾式）
1902309007,GREENS葛莉思首席料理(雞肉),7kg,福壽實業股份有限公司,每包（淨重2kg，乾式）
1902309005,GREENS葛莉思首席料理(牛肉),28kg,福壽實業股份有限公司,每包（淨重8kg，乾式）
1902309004,GREENS葛莉思犬食(牛肉),14kg,福壽實業股份有限公司,每包（淨重4kg，乾式）
1902309003,GREENS葛莉思首席料理(雞肉),12kg,福壽實業股份有限公司,每包（淨重3.5kg，乾式）
1902309002,GREENS葛莉思首席料理(牛肉),12kg,福壽實業股份有限公司,每包（淨重3.5kg，乾式）
1902309001,GREENS葛莉思首席料理(牛肉),7kg,福壽實業股份有限公司,每包（淨重2kg，乾式）
1905603001,PET針軋不織布,4.5kg,信織實業股份有限公司,1公斤
1908523003,玉山信用卡(磁條卡),850g,玉山商業銀行股份有限公司,每張
1908523002,玉山信用卡(晶片卡),850g,玉山商業銀行股份有限公司,每張
1908523001,玉山信用卡(線圈卡),900g,玉山商業銀行股份有限公司,每張
1901517001,南僑酥油,65kg,南僑油脂事業股份有限公司,每桶(16.5 kg)
1916510001,人身保險服務,8kg,南山人壽保險股份有限公司,每件
1902103008,黑豆極品蔭油膏350g,700g,丸莊食品工業股份有限公司,每瓶
1902103007,黑豆極品蔭油膏500g,950g,丸莊食品工業股份有限公司,每瓶
1902103006,黑豆金品蔭油膏500g,950g,丸莊食品工業股份有限公司,每瓶
1902103005,黑豆梅級蔭油膏500g,900g,丸莊食品工業股份有限公司,每瓶
1902103004,黑豆竹級蔭油膏350g,700g,丸莊食品工業股份有限公司,每瓶
1902103003,黑豆竹級蔭油膏500g,950g,丸莊食品工業股份有限公司,每瓶
1902103002,黑豆螺光蔭油膏350g,850g,丸莊食品工業股份有限公司,每瓶
1902103001,黑豆螺光蔭油膏500g,1.1kg,丸莊食品工業股份有限公司,每瓶
1903402002,泡舒植物強效洗潔精4.83L(5000g),6kg,耐斯企業股份有限公司,1瓶(5000g)
1903402001,泡舒植物強效洗潔精 965ml(1000g),1.3kg,耐斯企業股份有限公司,1瓶(1000g)
1903919004,OPP膠帶,500g,地球綜合工業股份有限公司,一捲0.04mm * 48mm * 35M 膠帶
1903919003,OPP膠帶,950g,地球綜合工業股份有限公司,一捲0.043mm*48mm*80M 膠帶
1903919002,PVC膠帶,800g,地球綜合工業股份有限公司,一捲0.17mm * 48mm * 12M 膠帶
1903919001,PVC膠帶,280g,地球綜合工業股份有限公司,一捲0.13mm * 18mm * 16M 膠帶
1906810006,高壓透水混凝土地磚(再生),2.6kg,健源有限公司,"一片,30cm(L)x30cm(W)x6cm(H)(再生)"
1906810005,高壓透水混凝土地磚(再生),1.2kg,健源有限公司,"一片,20cm(L)x20cm(W)x6cm(H)(再生)"
1906810004,高壓透水混凝土地磚(再生),600g,健源有限公司,"一片,20cm(L)x10cm(W)x6cm(H)(再生)"
1906810003,高壓透水混凝土地磚(一般),2.4kg,健源有限公司,"一片,30cm(L)x30cm(W)x6cm(H)(一般)"
1906810002,高壓透水混凝土地磚(一般),1.1kg,健源有限公司,"一片,20cm(L)x20cm(W)x6cm(H)(一般)"
1906810001,高壓透水混凝土地磚(一般),550g,健源有限公司,"一片,20cm(L)x10cm(W)x6cm(H)(一般)"
1900401001,236ml高大鮮乳,750g,高大牧場鮮乳工廠,每盒236ml高大鮮乳
1900401002,936ml高大鮮乳,1.8kg,高大牧場鮮乳工廠,每盒936ml高大鮮乳
2000305005,福壽柴魚花-鯖魚(600g),2.6kg,福壽實業股份有限公司,每包(600g)
2000305004,福壽柴魚花-鯖魚(300g),1.4kg,福壽實業股份有限公司,每包(300g)
2000305003,福壽柴魚花-鯖魚(120g),650g,福壽實業股份有限公司,每包(120g)
2000305002,福壽柴魚花-鰹魚(10g),110g,福壽實業股份有限公司,每包(10g)
2000305001,福壽柴魚花-鰹魚(5g),95g,福壽實業股份有限公司,每包(5g)
2014940001,台灣宅配通公路貨運服務,0.8g,台灣宅配通股份有限公司,每公斤-每公里(常溫運輸)
2014931001,大台南電動公車運輸服務,90g,臺南市政府交通局,每人－每公?(大台南電動公車)
2001511001,16-2040P 油炸油 VE,28kg,統清股份有限公司,每箱(16kg)16-2040P 油炸油 VE
2001501001,香豬油王-調合豬油,28kg,統清股份有限公司,每桶(15kg)香豬油王-調和豬油
2014832001,中華電信台北三創服務中心臨櫃服務,400g,中華電信股份有限公司,每服務人次
2002201002,泰山TWIST WATER環保包裝水(包裝飲用水),260g,泰山企業股份有限公司,一瓶 (配送銷售及使用階段未使用冷藏)
2002201001,泰山TWIST WATER環保包裝水(包裝飲用水),120g,泰山企業股份有限公司,一瓶 (配送銷售及使用階段未使用冷藏)
2013821002,垃圾焚化處理服務,320kg,達和環保服務股份有限公司,每公噸處理量(焚化處理)
2001905002,核桃杏香酥,170g,舊振南食品股份有限公司,每顆18g
2001905001,鳳梨酥,190g,舊振南食品股份有限公司,每顆35g
2002009001,美粒果柳橙寶特瓶450ML,220g,英屬維京群島商太古可口可樂股份有限公司台灣分公司,每瓶450ML (非冷藏)
2016520001,財產保險服務,1.8kg,國泰世紀產物保險股份有限公司,每件財產保險服務(不分險種)
2001006001,溫度米,3kg,玉山鑫有限公司,每包1.5 kg (含外包材)溫度米
1901515001,福壽芝麻油(217 ml),1.1kg,福壽實業股份有限公司,每瓶(217ml)
2002202003,可口可樂寶特瓶600ML,450g,英屬維京群島商太古可口可樂股份有限公司台灣分公司,每瓶600ML(非冷藏)
2002202004,可口可樂2公升寶特,650g,英屬維京群島商太古可口可樂股份有限公司台灣分公司,每瓶2L(非冷藏)
2001212001,韓式海苔,75g,橘平實業股份有限公司,每包(含包材27.50公克)
2003305001,MoistEH GSH多酚魚子精華霜,550g,她和新時代美學國際有限公司,1罐
2009608012,雄獅NO.600油性細字奇異筆(棕),38g,雄獅鉛筆廠股份有限公司,每支
2009608011,雄獅NO.600油性細字奇異筆(黃綠),36g,雄獅鉛筆廠股份有限公司,每支
2009608010,雄獅NO.600油性細字奇異筆(粉紅),38g,雄獅鉛筆廠股份有限公司,每支
2009608009,雄獅NO.600油性細字奇異筆(水藍),38g,雄獅鉛筆廠股份有限公司,每支
2009608008,雄獅NO.600油性細字奇異筆(咖啡),38g,雄獅鉛筆廠股份有限公司,每支
2009608007,雄獅NO.600油性細字奇異筆(黃),36g,雄獅鉛筆廠股份有限公司,每支
2009608006,雄獅NO.600油性細字奇異筆(橙),38g,雄獅鉛筆廠股份有限公司,每支
2009608005,雄獅NO.600油性細字奇異筆(紫),38g,雄獅鉛筆廠股份有限公司,每支
2009608004,雄獅NO.600油性細字奇異筆(綠),38g,雄獅鉛筆廠股份有限公司,每支
2009608003,雄獅NO.600油性細字奇異筆(紅),40g,雄獅鉛筆廠股份有限公司,每支
2009608002,雄獅NO.600油性細字奇異筆(藍),38g,雄獅鉛筆廠股份有限公司,每支
2009608001,雄獅NO.600油性細字奇異筆(黑),40g,雄獅鉛筆廠股份有限公司,每支
2013821001,苗栗縣垃圾焚化廠-廢棄物焚化處理,280kg,裕鼎股份有限公司,每公噸廢棄物焚化處理
2013830001,垃圾焚化處理服務,360kg,台灣糖業股份有限公司環保事業營運中心,每公噸垃圾焚化處理服務
2002202002,阿薩姆奶茶,210g,匯竑國際股份有限公司,每包400ml阿薩姆奶茶(非冷藏)
2002202001,阿薩姆奶茶,220g,匯竑國際股份有限公司,每包350ml阿薩姆奶茶(非冷藏)
1901515002,福壽芝麻油(543 ml),1.9kg,福壽實業股份有限公司,每瓶(543ml)
2009609004,NO.168奶油獅好朋友三角塗頭鉛筆(藍色版)(HB),26g,雄獅鉛筆廠股份有限公司,每支(6.118g)
2009609001,NO.996 ㄅㄆㄇ三角塗頭鉛筆(HB),26g,雄獅鉛筆廠股份有限公司,每支(6.118g)
2009609002,NO.997ABC三角塗頭鉛筆(HB),26g,雄獅鉛筆廠股份有限公司,每支(6.118g)
2009609003,NO.167奶油獅好朋友三角塗頭鉛筆(黃色版)(HB),26g,雄獅鉛筆廠股份有限公司,每支(6.118g)
2009609005,NO.169奶油獅好朋友三角塗頭鉛筆(粉色版)(HB),26g,雄獅鉛筆廠股份有限公司,每支(6.118g)
2009609006,NO.170奶油獅好朋友三角塗頭鉛筆(紅色版)(HB),26g,雄獅鉛筆廠股份有限公司,每支(6.118g)
2009609007,NO.112愛地球LOVE Earth圓桿塗頭(2B)鉛筆,26g,雄獅鉛筆廠股份有限公司,每支(6.118g)
2009609008,奶油獅好朋友學齡前削尖塗頭鉛筆(2B),38g,雄獅鉛筆廠股份有限公司,每支(13.10g)
2009609009,奶油獅好朋友學齡前削尖皮頭鉛筆(2B),70g,雄獅鉛筆廠股份有限公司,每支(22.677g)
1904818002,蒲公英環保抽取式衛生紙,280g,正隆股份有限公司竹北廠,每包100抽，每抽尺寸200X180mm
1904818001,春風抽取式衛生紙,400g,正隆股份有限公司竹北廠,每包110抽，每抽尺寸200X195mm
1913700004,科技部新竹科學工業園區管理局竹南園區污水處理廠 -廢(污)水處理服務,550g,中欣行股份有限公司,每1立方公尺廢(污)水處理量
1902202002,黑松FIN健康補給飲料,220g,黑松股份有限公司,每580ml (非冷藏)
1900407001,紅殼雞蛋(3斤),95g,麗園農牧科技股份有限公司,每粒雞蛋(紙盒)
1900407002,紅殼雞蛋(10粒),90g,麗園農牧科技股份有限公司,每粒(PLA盒)
1900407003,紅殼雞蛋(12粒),100g,麗園農牧科技股份有限公司,每粒雞蛋(紙盒)
1900407004,紅殼雞蛋(30粒),95g,麗園農牧科技股份有限公司,每粒雞蛋(紙盒(盤))
1913700002,宜蘭縣羅東地區水資源回收中心-廢(污)水處理服務,340g,山林水環境工程股份有限公司,每1立方公尺廢(污)水處理量
1900407005,白殼雞蛋(3斤),90g,麗園農牧科技股份有限公司,每粒雞蛋(紙盒)
1900407006,白殼雞蛋(10粒),85g,麗園農牧科技股份有限公司,每粒(PLA盒)
1900407007,白殼雞蛋(12粒),95g,麗園農牧科技股份有限公司,每粒雞蛋(紙盒)
1900407008,白殼雞蛋(30粒),90g,麗園農牧科技股份有限公司,每粒雞蛋(紙盒(盤))
1913700003,迪化污水處理廠-廢(污)水處理服務,340g,山林水環境工程股份有限公司,每1立方公尺廢(污)水處理量
1904818003,蒲公英環保抽取式擦手紙巾,750g,正隆股份有限公司竹北廠,每包(230mm*210mm；200抽)
R2014940002,台灣宅配通公路貨運服務,-,台灣宅配通股份有限公司,-
R2013821003,垃圾焚化處理服務,-,達和環保服務股份有限公司,-
R2016510001,人身保險服務,-,國泰人壽保險股份有限公司,-
R2009608001,雄獅NO.600油性細字奇異筆(黑),-,雄獅鉛筆廠股份有限公司,-
R2009608002,雄獅NO.600油性細字奇異筆(藍),-,雄獅鉛筆廠股份有限公司,-
R2009608003,雄獅NO.600油性細字奇異筆(紅),-,雄獅鉛筆廠股份有限公司,-
R2009608004,雄獅NO.600油性細字奇異筆(綠),-,雄獅鉛筆廠股份有限公司,-
R2009608005,雄獅NO.600油性細字奇異筆(紫),-,雄獅鉛筆廠股份有限公司,-
R2009608006,雄獅NO.600油性細字奇異筆(橙),-,雄獅鉛筆廠股份有限公司,-
R2009608007,雄獅NO.600油性細字奇異筆(黃),-,雄獅鉛筆廠股份有限公司,-
R2009608008,雄獅NO.600油性細字奇異筆(咖啡),-,雄獅鉛筆廠股份有限公司,-
R2009608009,雄獅NO.600油性細字奇異筆(水藍),-,雄獅鉛筆廠股份有限公司,-
R2009608010,雄獅NO.600油性細字奇異筆(粉紅),-,雄獅鉛筆廠股份有限公司,-
R2009608011,雄獅NO.600油性細字奇異筆(黃綠),-,雄獅鉛筆廠股份有限公司,-
R2009608012,雄獅NO.600油性細字奇異筆(棕),-,雄獅鉛筆廠股份有限公司,-
R2009609009,奶油獅好朋友學齡前削尖皮頭鉛筆(2B),-,雄獅鉛筆廠股份有限公司,-
R2009609008,奶油獅好朋友學齡前削尖塗頭鉛筆(2B),-,雄獅鉛筆廠股份有限公司,-
R2009609007,NO.112愛地球LOVE Earth圓桿塗頭(2B)鉛筆,-,雄獅鉛筆廠股份有限公司,-
R2009609006,NO.170奶油獅好朋友三角塗頭鉛筆(紅色版)(HB),-,雄獅鉛筆廠股份有限公司,-
R2009609005,NO.169奶油獅好朋友三角塗頭鉛筆(粉色版)(HB),-,雄獅鉛筆廠股份有限公司,-
R2009609004,NO.168奶油獅好朋友三角塗頭鉛筆(藍色版)(HB),-,雄獅鉛筆廠股份有限公司,-
R2009609003,NO.167奶油獅好朋友三角塗頭鉛筆(黃色版)(HB),-,雄獅鉛筆廠股份有限公司,-
R2009609002,NO.997ABC三角塗頭鉛筆(HB),-,雄獅鉛筆廠股份有限公司,-
R2009609001,NO.996 ㄅㄆㄇ三角塗頭鉛筆(HB),-,雄獅鉛筆廠股份有限公司,-
R1904818003,蒲公英環保抽取式擦手紙巾,-,正隆股份有限公司竹北廠,-
R1904818002,蒲公英環保抽取式衛生紙,-,正隆股份有限公司竹北廠,-
R1904818001,春風抽取式衛生紙,-,正隆股份有限公司竹北廠,-
R1916412001,第一銀行臨櫃服務,-,第一商業銀行(股)公司,-
