Id1,name,Coe,Unit,TechnicalAreas,TechnicalDetail,StartDate,EndDate,Area,CompleteDate,InfoResource,DepartmentName,Confirmer
694,天然氣(於固定源使用，2012),2.52,立方米,搖籃到大門,"1. 從天然氣開採開始，經生産、精製、液化、輸入國內(中油公司LNG廠)、再由中油公司配送到用戶使用為止。
2. 熱值轉換資訊為：37.61 MJ/ m3；1公斤(液態)＝1.320立方公尺(氣態)＝2.207公升(液態)。",2012-01-01,2012-12-31,臺灣,2013-09-30,能源局101年度能源統計手冊、能源統計年報、環保署溫室氣體排放係數管理表6.0版及臺灣電力公司網頁,行政院環保署,財團法人工業技術研究院
695,醋酸乙烯酯共聚物 (EVA),2.13,公斤,搖籃至大門,由乙烯和醋酸乙烯酯（Vinyl Acetate）共聚製成。,2011-01-01,2011-12-31,臺灣,2012-12-31,參考美國數據，引用後本土化,經濟部工業局「製造業產品碳足跡輔導與推廣」專案計畫,財團法人工業技術研究院
696,中低規電磁鋼捲(Electrical Steel Coil),3.04,公斤,搖籃到大門,"1.本產品以一貫作業煉鋼製程生產，主要原料為鐵礦、焦煤與石料，焦煤製成焦炭後作為還原劑，係主要碳排來源。
2.扁鋼胚經過熱軋工場及熱軋精整工場製成熱軋鋼捲，熱軋鋼捲經酸洗冷軋及退火與塗覆處理，產出中低規電磁鋼捲。",2010-01-01,2010-12-31,臺灣_高雄市小港區,2012-03-16,實際盤查,中國鋼鐵股份有限公司,中國鋼鐵股份有限公司
697,高規電磁鋼捲(Advanced Electrical Steel Coil),3.09,公斤,搖籃到大門,"1.本產品以一貫作業煉鋼製程生產，主要原料為鐵礦、焦煤與石料，焦煤製成焦炭後作為還原劑，係主要碳排來源。
2.扁鋼胚經過熱軋工場及熱軋精整工場製成熱軋鋼捲，熱軋鋼捲經酸洗冷軋及退火與塗覆處理，產出高規電磁鋼捲。",2010-01-01,2010-12-31,臺灣_高雄市小港區,2012-03-16,實際盤查,中國鋼鐵股份有限公司,中國鋼鐵股份有限公司
698,熱浸鍍鋅鋼捲(Hot-Dip Galvanized ＆ Galvanneal Steel Coil)  (一貫作業),2.99,公斤,搖籃到大門,"1.本產品以一貫作業煉鋼製程生產，主要原料為鐵礦、焦煤與石料，焦煤製成焦炭後作為還原劑，係主要碳排來源。
2.扁鋼胚經過熱軋工場及熱軋精整工場製成熱軋鋼捲，熱軋鋼捲經酸洗冷軋及退火與熱浸鍍鋅處理，產出熱浸鍍鋅鋼捲。",2010-01-01,2010-12-31,臺灣_高雄市小港區,2012-03-16,實際盤查,中國鋼鐵股份有限公司,中國鋼鐵股份有限公司
699,電鍍鋅鋼捲(Electrolytic Galvanized Steel Coil)  (一貫作業),3.16,公斤,搖籃到大門,"1.本產品以一貫作業煉鋼製程生產，主要原料為鐵礦、焦煤與石料，焦煤製成焦炭後作為還原劑，係主要碳排來源。
2.扁鋼胚經過熱軋工場及熱軋精整工場製成熱軋鋼捲，熱軋鋼捲經酸洗冷軋及退火與電鍍鋅處理，產出電鍍鋅鋼捲。",2010-01-01,2010-12-31,臺灣_高雄市小港區,2012-03-16,實際盤查,中國鋼鐵股份有限公司,中國鋼鐵股份有限公司
701,條鋼盤元(Steel Bar) (一貫作業),2.63,公斤,搖籃到大門,"1.本產品以一貫作業煉鋼製程生產，主要原料為鐵礦、焦煤與石料，焦煤製成焦炭後作為還原劑，係主要碳排來源。
2.小鋼胚經條鋼工廠軋延成為條鋼盤元。",2010-01-01,2010-12-31,臺灣_高雄市小港區,2012-03-16,實際盤查,中國鋼鐵股份有限公司,中國鋼鐵股份有限公司
702,線材盤元(Steel Wire)  (一貫作業),2.71,公斤,搖籃到大門,"1.本產品以一貫作業煉鋼製程生產，主要原料為鐵礦、焦煤與石料，焦煤製成焦炭後作為還原劑，係主要碳排來源。
2.小鋼胚經線材工廠軋延成為線材盤元。",2010-01-01,2010-12-31,臺灣_高雄市小港區,2012-03-16,實際盤查,中國鋼鐵股份有限公司,中國鋼鐵股份有限公司
703,球化條鋼盤元(Spheroidizing Annealed Steel Bar)  (一貫作業),2.83,公斤,搖籃到大門,"1.本產品以一貫作業煉鋼製程生產，主要原料為鐵礦、焦煤與石料，焦煤製成焦炭後作為還原劑，係主要碳排來源。
2.小鋼胚經條鋼工廠軋延成為條鋼盤元，經球化退火處理，產出球化條鋼盤元。",2010-01-01,2010-12-31,臺灣_高雄市小港區,2012-03-16,實際盤查,中國鋼鐵股份有限公司,中國鋼鐵股份有限公司
704,球化線材盤元(Spheroidizing Annealed Steel Wire) (一貫作業),2.91,公斤,搖籃到大門,"1.本產品以一貫作業煉鋼製程生產，主要原料為鐵礦、焦煤與石料，焦煤製成焦炭後作為還原劑，係主要碳排來源。
2.小鋼胚經線材工廠軋延成為線材盤元，經球化退火處理，產出球化線材盤元。",2010-01-01,2010-12-31,臺灣_高雄市小港區,2012-03-16,實際盤查,中國鋼鐵股份有限公司,中國鋼鐵股份有限公司
705,直棒鋼(Straight Steel Bar),2.7,公斤,搖籃到大門,"1.本產品以一貫作業煉鋼製程生產，主要原料為鐵礦、焦煤與石料，焦煤製成焦炭後作為還原劑，係主要碳排來源。
2.由大鋼胚軋延成小鋼胚，再經直棒鋼工廠軋延成直棒鋼。",2010-01-01,2010-12-31,臺灣_高雄市小港區,2012-03-16,實際盤查,中國鋼鐵股份有限公司,中國鋼鐵股份有限公司
706,馬口鐵 (鍍錫低碳鋼板),2.49,公斤,搖籃至大門,以熱軋鋼捲電鍍製成。,2011-01-01,2011-12-31,臺灣,2012-12-31,參考日本數據，引用後本土化,經濟部工業局「製造業產品碳足跡輔導與推廣」專案計畫,財團法人工業技術研究院
707,不鏽鋼 (電弧爐作業，SS304),2.01,公斤,搖籃至大門,電弧爐融煉、轉爐精煉、連續鑄造製成。,2011-01-01,2011-12-31,臺灣,2012-12-31,特定單一場址盤查資料,經濟部工業局「製造業產品碳足跡輔導與推廣」專案計畫,財團法人工業技術研究院
708,不鏽鋼鋼胚 (電弧爐作業),1.13,公斤,搖籃到大門,"1.將廢鐵與廢鋼等原物料，於電弧爐進行熔煉，再經連鑄設備，最後形成不鏽鋼鋼胚。
2.計算過程，將廢鋼係數視為0進行計算。
3.係數計算，不含運輸過程。",2012-01-01,2012-12-31,臺灣,2012-12-31,環保署EMS資料庫,行政院環保署,財團法人工業技術研究院
709,不鏽鋼冷軋鋼捲 (電弧爐作業),1.46,公斤,搖籃到大門,"1.將鋼捲分別經退火酸洗、鋼捲研磨、冷軋、精軋、整平切片等程序，最後製成不鏽鋼冷軋鋼捲。
2.係數計算，不含運輸過程。",2012-01-01,2012-12-31,臺灣,2012-12-31,環保署EMS資料庫,行政院環保署,財團法人工業技術研究院
710,合金鋼鋼胚 (電弧爐作業),0.68,公斤,搖籃到大門,"1.將廢鐵與廢鋼等原物料，於電弧爐進行熔煉，再經精煉爐精煉、澆鑄等程序，最後形成合金鋼鋼胚。
2.計算過程，將廢鋼係數視為0進行計算。
3.係數計算，不含運輸過程。",2012-01-01,2012-12-31,臺灣,2012-12-31,環保署EMS資料庫,行政院環保署,財團法人工業技術研究院
711,金 (Au),11.1,公斤,搖籃至大門,以氰化鈉溶液將礦石中的金溶解後電解製成。,2011-01-01,2011-12-31,臺灣,2012-12-31,參考日本數據，引用後本土化,經濟部工業局「製造業產品碳足跡輔導與推廣」專案計畫,財團法人工業技術研究院
712,鉑 (Pt),7.12,公斤,搖籃至大門,採用溶劑萃取製程，以Cl2/HCl混合物作介質，將鉑礦完全浸出後精鍊。,2011-01-01,2011-12-31,臺灣,2012-12-31,參考日本數據，引用後本土化,經濟部工業局「製造業產品碳足跡輔導與推廣」專案計畫,財團法人工業技術研究院
713,鋁錠,9.85,公斤,搖籃至大門,以鋁礦經由氧化、電解、熔融、配料、精煉、澆鑄後製成。,2011-01-01,2011-12-31,臺灣,2012-12-31,參考歐盟ELCD資料，引用後本土化,經濟部工業局「製造業產品碳足跡輔導與推廣」專案計畫,財團法人工業技術研究院
714,"陽極磷銅 (磷銅球, 印刷電路板用)",4.67,公斤,搖籃至大門,以A級電解銅為原料，上引連續鑄造製程。,2009-01-01,2009-12-31,臺灣,2011-03-31,特定單一場址盤查資料,經濟部工業局「製造業產品碳足跡輔導與推廣」專案計畫,財團法人工業技術研究院
715,廢機車-再生碎鐵(鋼),0.3,公斤,大門至大門,由回收業進行廢機車蒐集與拆解，後送至處理廠進行粉碎,2012-01-01,2012-12-31,臺灣,2013-11-25,實場盤查,行政院環保署,(財)臺灣產業服務基金會
716,廢汽車-再生碎鐵(鋼),0.33,公斤,大門至大門,由回收業進行廢汽車蒐集與拆解，後送至處理廠進行粉碎,2012-01-01,2012-12-31,臺灣,2013-11-25,實場盤查,行政院環保署,(財)臺灣產業服務基金會
739,環氧樹脂 (Epoxy),3.02,公斤,搖籃至大門,以氯環氧丙烷(epichlorohydrin)和雙酚A(bisphenol-A)反應而成。,2010-01-01,2010-12-31,臺灣,2011-12-31,特定單一場址盤查資料,經濟部工業局「製造業產品碳足跡輔導與推廣」專案計畫,財團法人工業技術研究院
717,南部科學工業園區_台南園區廢棄物清除處理服務,715.79,公噸,搖籃至大門,每公噸廢棄物清理之碳排放量為715.79(kg CO2e/每公噸廢棄物)。其計算方式以加權平均計算，為各流程之碳排放量乘以98年各流程清理量相加後再除以98年清理總量，其計算式為737.14( kg CO2e /每公噸廢棄物)× 26244.3806(噸/年) + 649.10 (kg CO2e /每公噸廢棄物)* 34.96 (噸/年)+ 122.78 (kg CO2e /每公噸廢棄物)× 22.736 (噸/年)+ 7.07 (kg CO2e /每公噸廢棄物)× 768.195(噸/年))/ 27070.2716 (噸/年)= 715.79(kg CO2e/每公噸廢棄物)。,2009-01-01,2009-12-31,臺灣,2010-10-15,特定單一場址盤查資料,"南部科學工業園區管理局
台南園區資源再生中心",成大研究發展基金會
718,南部科學工業園區_台南園區廢棄物掩埋清理服務,7.07,公噸,搖籃至大門,清運台南園區事業產出之無機(不可燃)一般廢棄物及中心產出之飛灰、底渣及固化物，分別送至固化物及非固化物掩埋設施內處置。,2009-01-01,2009-12-31,臺灣,2010-10-15,特定單一場址盤查資料,"南部科學工業園區管理局
台南園區資源再生中心",成大研究發展基金會
719,南部科學工業園區_台南園區廢棄物焚化清理服務,737.14,公噸,搖籃至大門,清運台南園區內產出之可焚化廢棄物至本中心，廢棄物經焚化爐內以900℃~950℃之間燃燒，焚化後之灰渣運至本中心掩埋場處置，焚化過程產生之廢氣經空氣污染防制設施處理後由煙囪排放至大氣。,2009-01-01,2009-12-31,臺灣,2010-10-15,特定單一場址盤查資料,"南部科學工業園區管理局
台南園區資源再生中心",成大研究發展基金會
720,南部科學工業園區_台南園區廢棄物物化清理服務,122.78,公噸,搖籃至大門,清運台南園區內產出之無機酸鹼廢液至本中心，經調勻池、pH調整槽、混凝槽及膠凝槽後進入沉澱槽，廢水處理後由放流井排出至環工中心處理。,2009-01-01,2009-12-31,臺灣,2010-10-15,特定單一場址盤查資料,"南部科學工業園區管理局
台南園區資源再生中心",成大研究發展基金會
736,聚甲醛 (POM),1.72,公斤,搖籃至大門,以甲醛水溶液加酸縮合成單體後，以單體聚合製成。,2011-01-01,2011-12-31,臺灣,2012-12-31,參考歐盟ELCD資料，引用後本土化,經濟部工業局「製造業產品碳足跡輔導與推廣」專案計畫,財團法人工業技術研究院
721,南部科學工業園區_台南園區廢棄物固化清理服務,649.1,公噸,搖籃至大門,清運台南園區事業產出之有害重金屬污泥，由進料設備送至混練成型機內與水泥、水及螯合劑後進行混練固化，經固化養生後，再送往本中心固化掩埋設施處置。,2009-01-01,2009-12-31,臺灣,2010-10-15,特定單一場址盤查資料,"南部科學工業園區管理局
台南園區資源再生中心",成大研究發展基金會
722,國際展覽,-,每平方米‧每小時,搖籃至大門,"0.1371A+0.4685
A=空地攤位百分比
展前籌備→展覽期間→展後撤離（情境說明：未限定標準攤位及空地攤位比例）",2011-10-26,2011-10-29,臺灣,2011-10-29,單一會場實際盤查,國際貿易局,財團法人工業技術研究院
723,國際展覽-交通,-,每人,搖籃至大門,"874.91A+2.815*(1-A)
A=國外參觀者比例
出發國家→展覽會場（情境說明：未限定國外參觀者比例）",2011-10-26,2011-10-29,全球,2011-10-29,單一會場實際盤查,國際貿易局,財團法人工業技術研究院
724,國際會議,3.31,每人‧每小時,搖籃至大門,"會前籌備→會議進行→會後處理（含餐飲）
第1場:2011/10/27~2011/10/27
第2.場:2012/02/13~2012/02/17",2011-10-27,2012-02-17,臺灣,2012-02-17,2場會議實際盤查平均值,國際貿易局,財團法人工業技術研究院
725,國際會議-交通,-,每人,搖籃至大門,"1804.41A+60.783*(1-A)
A=國外與會者比例
出發國家→展覽會場（情境說明：未限定國外參觀者比例）
第1場:2011/10/27~2011/10/27
第2.場:2012/02/13~2012/02/17",2011-10-27,2012-02-17,全球,2012-10-29,2場會議實際盤查平均值,國際貿易局,財團法人工業技術研究院
726,天然氣(於固定源使用，2012),0.07,MJ,搖籃到大門,"1. 從天然氣開採開始，經生産、精製、液化、輸入國內(中油公司LNG廠)、再由中油公司配送到用戶使用為止。
2. 熱值轉換資訊為：37.61 MJ/ m3；1公斤(液態)＝1.320立方公尺(氣態)＝2.207公升(液態)。",2012-01-01,2012-12-31,臺灣,2013-09-30,能源局101年度能源統計手冊、能源統計年報、環保署溫室氣體排放係數管理表6.0版及臺灣電力公司網頁,行政院環保署,財團法人工業技術研究院
735,PET塑膠 (一般用),2.35,公斤,搖籃至大門,以對苯二甲酸(Tere-phthalic acid)和乙二醇(Ethylene glycol)在酸中行聚合反應而成。,2010-01-01,2010-12-31,臺灣,2011-12-31,特定單一場址盤查資料,經濟部工業局「製造業產品碳足跡輔導與推廣」專案計畫,財團法人工業技術研究院
727,液化石油氣(於固定源使用，2012),2.09,公升,搖籃到大門,"1. 從原油開採開始，經分餾、煉製、裝瓶、輸送到固定源使用為止。
2. 國內液化石油氣產業以臺灣中油公司與台塑石化公司2公司為主要發貨端之石油煉製業兼具輸入業身分，該2公司除自產，也自國外輸入，平衡國內自產不足之部分。
3. 熱值轉換資訊為：27.78 MJ/ L；1公斤＝1.818公升(一般)",2012-01-01,2012-12-31,臺灣,2013-09-30,能源局101年度能源統計手冊、能源統計年報、環保署溫室氣體排放係數管理表6.0版及臺灣電力公司網頁,行政院環保署,財團法人工業技術研究院
728,液化石油氣(於固定源使用，2012),0.08,MJ,搖籃到大門,"1. 從原油開採開始，經分餾、煉製、裝瓶、輸送到固定源使用為止。
2. 國內液化石油氣產業以臺灣中油公司與台塑石化公司2公司為主要發貨端之石油煉製業兼具輸入業身分，該2公司除自產，也自國外輸入，平衡國內自產不足之部分。
3. 熱值轉換資訊為：27.78 MJ/ L；1公斤＝1.818公升(一般)",2012-01-01,2012-12-31,臺灣,2013-09-30,能源局101年度能源統計手冊、能源統計年報、環保署溫室氣體排放係數管理表6.0版及臺灣電力公司網頁,行政院環保署,財團法人工業技術研究院
729,聚丙烯 (PP),2.01,公斤,搖籃至大門,以丙烯為原料聚合反應製成。,2011-01-01,2011-12-31,臺灣,2012-12-31,特定單一場址盤查資料,經濟部工業局「製造業產品碳足跡輔導與推廣」專案計畫,財團法人工業技術研究院
730,PVC塑膠 (膠膜、膠布、電線電纜用),2.21,公斤,搖籃至大門,"以氯乙烯單體（vinyl chloride monomer, VCM）懸浮聚合而成",2010-01-01,2010-12-31,臺灣,2011-12-31,特定單一場址盤查資料,經濟部工業局「製造業產品碳足跡輔導與推廣」專案計畫,財團法人工業技術研究院
732,低密度聚乙烯 (LDPE),1.9,公斤,搖籃至大門,以乙烯為原料聚合反應製成。,2011-01-01,2011-12-31,臺灣,2012-12-31,特定單一場址盤查資料,經濟部工業局「製造業產品碳足跡輔導與推廣」專案計畫,財團法人工業技術研究院
733,聚醯胺尼龍 (Nylon 6),3.02,公斤,搖籃至大門,以己內醯胺為原料，在活化劑和分子量穩定劑的作用下開環聚合而成。,2010-01-01,2010-12-31,臺灣,2011-12-31,特定單一場址盤查資料,經濟部工業局「製造業產品碳足跡輔導與推廣」專案計畫,財團法人工業技術研究院
734,"壓克力粒(聚甲基丙烯酸甲酯, PMMA)",7.54,公斤,搖籃至大門,以丙酮和氫氰酸為原料，聚合聚合反應製成。,2011-01-01,2011-12-31,臺灣,2012-12-31,參考日本數據，引用後本土化,經濟部工業局「製造業產品碳足跡輔導與推廣」專案計畫,財團法人工業技術研究院
737,甲基異丁酮 (MIBK),2.8,公斤,搖籃至大門,以異亞丙基丙酮在銅催化劑作用下選擇性加氫，再經蒸餾分離製成。,2011-01-01,2011-12-31,臺灣,2012-12-31,特定單一場址盤查資料,經濟部工業局「製造業產品碳足跡輔導與推廣」專案計畫,財團法人工業技術研究院
738,ABS塑膠 (資訊產品用，防火級),3.256,公斤,搖籃至大門,"以丙烯腈（Acrylonitrile, AN）、丁二烯（Butadiene, BD）、苯乙烯（Styrene, SM)
三種化合物經乳化、聚合及連續性聚合反應共聚而成的樹脂。",2009-01-01,2009-12-31,臺灣,2011-03-31,特定單一場址盤查資料,經濟部工業局「製造業產品碳足跡輔導與推廣」專案計畫,財團法人工業技術研究院
740,生鐵,1.81,公斤,搖籃到大門,"1.本產品以一貫作業煉鋼製程生產，主要原料為鐵礦、焦煤與石料，焦煤製成焦炭後作為氧化鐵還原劑，係主要碳排來源。
2.煉焦製程將煤礦製成焦炭；燒結製程將鐵礦、石灰石與細焦碳等製成燒結礦；再經高爐製程由鐵礦石、燒結礦、球結礦及焦炭等，產出鐵水、高爐氣與高爐石，再將鐵水澆鑄冷卻後，即為生鐵。",2010-01-01,2010-12-31,臺灣_高雄市小港區,2012-03-16,實際盤查,中國鋼鐵股份有限公司,中國鋼鐵股份有限公司
741,扁鋼胚(Slab) (一貫作業),2.09,公斤,搖籃到大門,"1.本產品以一貫作業煉鋼製程生產，主要原料為鐵礦、焦煤與石料，焦煤製成焦炭後作為還原劑，係主要碳排來源。
2.鐵水經轉爐製成鋼液後進入扁鋼胚連鑄機製成扁鋼胚。",2010-01-01,2010-12-31,臺灣_高雄市小港區,2012-03-16,實際盤查,中國鋼鐵股份有限公司,中國鋼鐵股份有限公司
742,扁鋼胚 (電弧爐作業，碳鋼),0.4,公斤,搖籃至大門,電弧爐製程(以廢鋼及各種副料如矽鐵、錳鐵、石灰石等為原料)。,2011-01-01,2011-12-31,臺灣,2012-12-31,特定單一場址盤查資料,經濟部工業局「製造業產品碳足跡輔導與推廣」專案計畫,財團法人工業技術研究院
743,大鋼胚(Bloom) (一貫作業),2.27,公斤,搖籃到大門,"1.本產品以一貫作業煉鋼製程生產，主要原料為鐵礦、焦煤與石料，焦煤製成焦炭後作為還原劑，係主要碳排來源。
2.由高爐鐵水經轉爐吹煉成鋼液，經連續澆鑄生成大鋼胚。",2010-01-01,2010-12-31,臺灣_高雄市小港區,2012-03-16,實際盤查,中國鋼鐵股份有限公司,中國鋼鐵股份有限公司
744,軋延小鋼胚(Hot Rolled Billet) (一貫作業),2.42,公斤,搖籃到大門,"1.本產品以一貫作業煉鋼製程生產，主要原料為鐵礦、焦煤與石料，焦煤製成焦炭後作為還原劑，係主要碳排來源。
2.將大鋼胚經小鋼胚工廠軋延產出小鋼胚。",2010-01-01,2010-12-31,臺灣_高雄市小港區,2012-03-16,實際盤查,中國鋼鐵股份有限公司,中國鋼鐵股份有限公司
745,鋼板(Steel Plate) (一貫作業),2.42,公斤,搖籃到大門,"1.本產品以一貫作業煉鋼製程生產，主要原料為鐵礦、焦煤與石料，焦煤製成焦炭後作為還原劑，係主要碳排來源。
2.扁鋼胚經過熱軋鋼板製程製成鋼板。",2010-01-01,2010-12-31,臺灣_高雄市小港區,2012-03-16,實際盤查,中國鋼鐵股份有限公司,中國鋼鐵股份有限公司
746,熱軋粗鋼捲(Hot Rolled Band) (一貫作業),2.31,公斤,搖籃到大門,"1.本產品以一貫作業煉鋼製程生產，主要原料為鐵礦、焦煤與石料，焦煤製成焦炭後作為還原劑，係主要碳排來源。
2.扁鋼胚經過熱軋工場製成熱軋粗鋼捲。",2010-01-01,2010-12-31,臺灣_高雄市小港區,2012-03-16,實際盤查,中國鋼鐵股份有限公司,中國鋼鐵股份有限公司
747,熱軋鋼捲(Hot Rolled Steel Coil) (一貫作業),2.38,公斤,搖籃到大門,"1.本產品以一貫作業煉鋼製程生產，主要原料為鐵礦、焦煤與石料，焦煤製成焦炭後作為還原劑，係主要碳排來源。
2.扁鋼胚經過熱軋工場及熱軋精整工場製成熱軋鋼捲。",2010-01-01,2010-12-31,臺灣_高雄市小港區,2012-03-16,實際盤查,中國鋼鐵股份有限公司,中國鋼鐵股份有限公司
748,熱軋酸洗塗油鋼捲(Hot Rolled Pickled and Oiled Steel Coil) (一貫作業),2.4,公斤,搖籃到大門,"1.本產品以一貫作業煉鋼製程生產，主要原料為鐵礦、焦煤與石料，焦煤製成焦炭後作為還原劑，係主要碳排來源。
2.扁鋼胚經過熱軋工場及熱軋精整工場製成熱軋酸洗塗油鋼捲。",2010-01-01,2010-12-31,臺灣_高雄市小港區,2012-03-16,實際盤查,中國鋼鐵股份有限公司,中國鋼鐵股份有限公司
749,熱軋鋼板片(Hot Rolled Steel Plate and Sheet) (一貫作業),2.39,公斤,搖籃到大門,"1.本產品以一貫作業煉鋼製程生產，主要原料為鐵礦、焦煤與石料，焦煤製成焦炭後作為還原劑，係主要碳排來源。
2.扁鋼胚經過熱軋工場及熱軋精整工場製成熱軋鋼板片。",2010-01-01,2010-12-31,臺灣_高雄市小港區,2012-03-16,實際盤查,中國鋼鐵股份有限公司,中國鋼鐵股份有限公司
750,冷軋鋼捲(Cold Rolled Steel Coil) (一貫作業),2.94,公斤,搖籃到大門,"1.本產品以一貫作業煉鋼製程生產，主要原料為鐵礦、焦煤與石料，焦煤製成焦炭後作為還原劑，係主要碳排來源。
2.扁鋼胚經過熱軋工場及熱軋精整工場製成熱軋鋼捲，熱軋鋼捲經酸洗冷軋及退火與調質精整處理，產出冷軋鋼捲。",2010-01-01,2010-12-31,臺灣_高雄市小港區,2012-03-16,實際盤查,中國鋼鐵股份有限公司,中國鋼鐵股份有限公司
764,電力碳足跡(2011),0.7,度,搖籃到大門,從發電用燃料採掘起，經提煉、做功、轉為電能，到配電至用戶為止。,2011-01-01,2011-12-31,臺灣,2012-12-31,能源局100年度能源統計年報與手冊,行政院環保署,財團法人工業技術研究院
751,冷軋塗漆鋼捲(Prepainted Steel Coil) (一貫作業),3.3,公斤,搖籃到大門,"1.本產品以一貫作業煉鋼製程生產，主要原料為鐵礦、焦煤與石料，焦煤製成焦炭後作為還原劑，係主要碳排來源。
2.扁鋼胚經過熱軋工場及熱軋精整工場製成熱軋鋼捲，熱軋鋼捲經酸洗冷軋及退火與塗覆處理，產出冷軋塗漆鋼捲。",2010-01-01,2010-12-31,臺灣_高雄市小港區,2012-03-16,實際盤查,中國鋼鐵股份有限公司,中國鋼鐵股份有限公司
752,碳鋼冷軋鋼捲 (電弧爐作業),2.5,公斤,搖籃到大門,"1.將熱軋鋼捲分別經金屬表面清洗、酸洗、軋延等程序，最後製成冷軋鋼捲。
2.係數計算，不含運輸過程。",2011-01-01,2012-12-31,臺灣,2012-12-31,環保署EMS資料庫,行政院環保署,財團法人工業技術研究院
753,矽晶圓 (6吋),4.65,公斤,搖籃至大門,以矽為原料，在熔爐中旋轉拉升製成。,2011-01-01,2011-12-31,臺灣,2012-12-31,特定單一場址盤查資料,經濟部工業局「製造業產品碳足跡輔導與推廣」專案計畫,財團法人工業技術研究院
754,食用醋(酒粕醋),0.68,公斤,搖籃至大門,產品主要成分為酒粕、食用酒精及水，生產流程包含加熱萃取、醋酸發酵、熟成、過濾、調配、殺菌等階段，係經由實廠盤查計算後之數據。,2012-01-01,2012-12-31,臺灣,2012-10-31,特定單一場址實際盤查資料,衛生福利部食品藥物管理署,社團法人臺灣環境管理協會
755,食用醋(糯米醋),0.42,公斤,搖籃至大門,產品主要成分為糯米及水，生產流程包含糯米蒸煮、糖化、酒精醱酵、一次過濾、酢酸醱酵、熟成、二次過濾、殺菌等階段，係經由實廠盤查計算後之數據。,2012-01-01,2012-12-31,臺灣,2012-10-31,特定單一場址實際盤查資料,衛生福利部食品藥物管理署,社團法人臺灣環境管理協會
756,營業遊覽車(柴油),0.04,延人公里,搖籃至大門,"1. 統計期間內，國內營業遊覽車(柴油)因載運乘客使用之燃料所產生之溫室氣體排放，包括燃料從生產、配售及車輛行駛消耗過程之排放。
2. 不包括營業遊覽車(柴油)車輛製造生產、車輛保養維修及廢棄回收階段之溫室氣體排放量。",2012-01-01,2012-12-31,臺灣,2014-04-07,經濟部能源局、財團法人工業技術研究院及交通部統計處等,交通部運輸研究所,交通部運輸研究所
757,自用大貨車(柴油),0.22,延噸公里,搖籃至大門,"1. 統計期間內，國內自用大貨車(柴油)因運送貨物使用之燃料所產生之溫室氣體排放，包括燃料從生產、配售及車輛行駛消耗過程之排放。
2. 不包括自用大貨車(柴油)車輛製造生產、車輛保養維修及廢棄回收階段之溫室氣體排放量。",2012-01-01,2012-12-31,臺灣,2014-04-07,經濟部能源局、財團法人工業技術研究院及交通部統計處等,交通部運輸研究所,經濟部能源局、財團法人工業技術研究院及交通部統計處等
758,自用小貨車(汽油),0.74,延噸公里,搖籃至大門,"1. 統計期間內，國內自用小貨車(汽油)因運送貨物使用之燃料所產生之溫室氣體排放，包括燃料從生產、配售及車輛行駛消耗過程之排放。
2. 不包括自用小貨車(汽油)車輛製造生產、車輛保養維修及廢棄回收階段之溫室氣體排放量。",2012-01-01,2012-12-31,臺灣,2014-04-07,經濟部能源局、財團法人工業技術研究院及交通部統計處等,交通部運輸研究所,交通部運輸研究所
759,自用小貨車(柴油),0.69,延噸公里,搖籃至大門,"1. 統計期間內，國內自用小貨車(柴油)因運送貨物使用之燃料所產生之溫室氣體排放，包括燃料從生產、配售及車輛行駛消耗過程之排放。
2. 不包括自用小貨車(柴油)車輛製造生產、車輛保養維修及廢棄回收階段之溫室氣體排放量。",2012-01-01,2012-12-31,臺灣,2014-04-07,經濟部能源局、財團法人工業技術研究院及交通部統計處等,交通部運輸研究所,交通部運輸研究所
760,營業小貨車(汽油),0.63,延噸公里,搖籃至大門,"1. 統計期間內，國內營業小貨車(汽油)因運送貨物使用之燃料所產生之溫室氣體排放，包括燃料從生產、配售及車輛行駛消耗過程之排放。
2. 不包括營業小貨車(汽油)車輛製造生產、車輛保養維修及廢棄回收階段之溫室氣體排放量。",2012-01-01,2012-12-31,臺灣,2014-04-07,經濟部能源局、財團法人工業技術研究院及交通部統計處等,交通部運輸研究所,交通部運輸研究所
761,營業小貨車(柴油),0.65,延噸公里,搖籃至大門,"1. 統計期間內，國內營業小貨車(柴油)因運送貨物使用之燃料所產生之溫室氣體排放，包括燃料從生產、配售及車輛行駛消耗過程之排放。
2. 不包括營業小貨車(柴油)車輛製造生產、車輛保養維修及廢棄回收階段之溫室氣體排放量。",2012-01-01,2012-12-31,臺灣,2014-04-07,經濟部能源局、財團法人工業技術研究院及交通部統計處等,交通部運輸研究所,交通部運輸研究所
762,營業大貨車(柴油),0.24,延噸公里,搖籃至大門,"1. 統計期間內，國內營業大貨車(柴油)因運送貨物使用之燃料所產生之溫室氣體排放，包括燃料從生產、配售及車輛行駛消耗過程之排放。
2. 不包括營業大貨車(柴油)車輛製造生產、車輛保養維修及廢棄回收階段之溫室氣體排放量。",2012-01-01,2012-12-31,臺灣,2014-04-07,經濟部能源局、財團法人工業技術研究院及交通部統計處等,交通部運輸研究所,交通部運輸研究所
763,貨車-自用,0.93,延噸公里,搖籃到大門,從燃油開採，燃油生產，燃油燃燒及貨物輸送,2010-01-01,2010-12-31,臺灣,2011-02-01,交通部統計處「99年交通統計要覽」、2010年「臺灣能源平衡表」,財團法人工業技術研究院,財團法人工業技術研究院
765,電力排放係數(2011),0.54,度,大門到大門,以綜合電業與民營電廠及汽電共生廠組織型溫室氣體盤計算除以總銷售電量，但不含電損。,2011-01-01,2011-12-31,臺灣,2012-12-31,臺灣電力公司網站:http://web3.moeaboe.gov.tw/ECW/populace/content/wHandMenuFile.ashx?menu_id=365,能源局,
766,電力碳足跡(2012),0.69,度,搖籃至大門,"1. 涵蓋範圍從原料開採、原料運輸、提煉燃燒、電網操作至廢棄物處理及售電戶。
2. 該數值包含電網線損，但不區分售電戶之類型(電燈用電或電力用電)。
3. 該數值計算涵蓋範疇係由原料取得至電網配電的用戶端，與電力排放係數及電網排放係數用途有所不同。",2012-01-01,2012-12-31,臺灣,2013-09-30,能源局101年度能源統計手冊、能源統計年報、環保署溫室氣體排放係數管理表6.0版及臺灣電力公司網頁,行政院環保署,財團法人工業技術研究院
767,臺北自來水,0.17,每度(立方米),搖籃到大門,取泉水與地面水，經混凝沉澱→快濾→慢濾→加氯消毒淨水處理後，配水至用戶售水端。,2012-01-01,2012-12-31,臺灣,2013-09-30,以台北自來水事業處101年統計年報資料修訂,行政院環保署,財團法人工業技術研究院
768,臺灣自來水,0.17,每度(立方米),大門到大門,以台水公司當年總用電及總用油量對應產生的組織溫室氣體排放量，除以總供水量。,2011-01-01,2011-12-31,臺灣,2012-12-31,臺灣自來水公司網站:http://www.water.gov.tw/04service/ser_c_main7.asp,臺灣自來水公司,
769,燃料油使用(蒸餘油/重油使用，2012),3.98,公升,搖籃到大門,"1. 從原油開採開始，經輸送至國內、分餾、煉製至鍋爐使用為止。
2. 熱值轉換單位為：40.19 MJ/L。",2012-01-01,2012-12-31,臺灣,2013-09-30,能源局101年度能源統計手冊、能源統計年報、環保署溫室氣體排放係數管理表6.0版及臺灣電力公司網頁,行政院環保署,財團法人工業技術研究院
770,燃料油使用(蒸餘油/重油使用，2012),0.1,MJ,搖籃到大門,"1. 從原油開採開始，經輸送至國內、分餾、煉製至鍋爐使用為止。
2. 熱值轉換單位為：40.19 MJ/L。",2012-01-01,2012-12-31,臺灣,2013-09-30,能源局101年度能源統計手冊、能源統計年報、環保署溫室氣體排放係數管理表6.0版及臺灣電力公司網頁,行政院環保署,財團法人工業技術研究院
771,柴油(未燃燒，2012),0.74,公升,搖籃到大門,"1. 從原油開採開始，經送至國內、分餾、煉製、輸送到銷售點為止。
2. 熱值轉換單位為：35.17 MJ/L。",2012-01-01,2012-12-31,臺灣,2013-09-30,能源局101年度能源統計手冊、能源統計年報、環保署溫室氣體排放係數管理表6.0版及臺灣電力公司網頁,行政院環保署,財團法人工業技術研究院
772,柴油(未燃燒，2012),0.02,MJ,搖籃到大門,"1. 從原油開採開始，經送至國內、分餾、煉製、輸送到銷售點為止。
2. 熱值轉換單位為：35.17 MJ/L。",2012-01-01,2012-12-31,臺灣,2013-09-30,能源局101年度能源統計手冊、能源統計年報、環保署溫室氣體排放係數管理表6.0版及臺灣電力公司網頁,行政院環保署,財團法人工業技術研究院
773,柴油(於固定源使用),3.42,L,搖籃到大門,"1. 從原油開採開始，經送至國內、分餾、煉製、輸送到銷售點、固定源使用為止。
2. 熱值轉換單位為：35.17 MJ/L。",2012-01-01,2012-12-31,臺灣,2013-09-30,能源局101年度能源統計手冊、能源統計年報、環保署溫室氣體排放係數管理表6.0版及臺灣電力公司網頁,行政院環保署,財團法人工業技術研究院
774,柴油(於固定源使用),0.1,MJ,搖籃到大門,"1. 從原油開採開始，經送至國內、分餾、煉製、輸送到銷售點、固定源使用為止。
2. 熱值轉換單位為：35.17 MJ/L。",2012-01-01,2012-12-31,臺灣,2013-09-30,能源局101年度能源統計手冊、能源統計年報、環保署溫室氣體排放係數管理表6.0版及臺灣電力公司網頁,行政院環保署,財團法人工業技術研究院
775,柴油(於移動源使用),3.45,公升,搖籃到大門,"1. 從原油開採開始，經送至國內、分餾、煉製、輸送到銷售點、移動源使用為止。
2. 熱值轉換單位為：35.17 MJ/L。",2012-01-01,2012-12-31,臺灣,2013-09-30,能源局101年度能源統計手冊、能源統計年報、環保署溫室氣體排放係數管理表6.0版及臺灣電力公司網頁,行政院環保署,財團法人工業技術研究院
776,柴油(於移動源使用),0.1,MJ,搖籃到大門,"1. 從原油開採開始，經送至國內、分餾、煉製、輸送到銷售點、移動源使用為止。
2. 熱值轉換單位為：35.17 MJ/L。",2012-01-01,2012-12-31,臺灣,2013-09-30,能源局101年度能源統計手冊、能源統計年報、環保署溫室氣體排放係數管理表6.0版及臺灣電力公司網頁,行政院環保署,財團法人工業技術研究院
777,車用汽油(未燃燒，2012),0.65,公升,搖籃到大門,"1. 從原油開採開始，經送至國內、分餾、煉製、輸送到銷售點為止。
2. 熱值轉換單位為：32.66 MJ/L。",2012-01-01,2012-12-31,臺灣,2013-09-30,能源局101年度能源統計手冊、能源統計年報、環保署溫室氣體排放係數管理表6.0版及臺灣電力公司網頁,行政院環保署,財團法人工業技術研究院
834,三聚氰胺樹脂(Melamine Resin),3.87,kg,搖籃至大門,俗稱：美耐皿（Melamine），以三聚氰胺與甲醛經懸浮聚合製成,2012-01-01,2012-12-31,台灣,2013-12-31,特定單一場址盤查資料,經濟部工業局「製造業產品碳足跡輔導與推廣」專案計畫,財團法人工業技術研究院
778,車用汽油(未燃燒，2012),0.02,MJ,搖籃到大門,"1. 從原油開採開始，經送至國內、分餾、煉製、輸送到銷售點為止。
2. 熱值轉換單位為：32.66 MJ/L。",2012-01-01,2012-12-31,臺灣,2013-09-30,能源局101年度能源統計手冊、能源統計年報、環保署溫室氣體排放係數管理表6.0版及臺灣電力公司網頁,行政院環保署,財團法人工業技術研究院
779,車用汽油(於固定源使用，2012),3,公升,搖籃到大門,"1. 從原油開採開始，經送至國內、分餾、煉製、輸送到銷售點、固定源使用為止。
2.  熱值轉換單位為：32.66 MJ/L。",2012-01-01,2012-12-31,臺灣,2013-09-30,能源局101年度能源統計手冊、能源統計年報、環保署溫室氣體排放係數管理表6.0版及臺灣電力公司網頁,行政院環保署,財團法人工業技術研究院
780,車用汽油(於固定源使用，2012),0.09,MJ,搖籃到大門,"1. 從原油開採開始，經送至國內、分餾、煉製、輸送到銷售點、固定源使用為止。
2.  熱值轉換單位為：32.66 MJ/L。",2012-01-01,2012-12-31,臺灣,2013-09-30,能源局101年度能源統計手冊、能源統計年報、環保署溫室氣體排放係數管理表6.0版及臺灣電力公司網頁,行政院環保署,財團法人工業技術研究院
781,車用汽油(於移動源使用，2012),3.1,公升,搖籃到大門,"1. 從原油開採開始，經送至國內、分餾、煉製、輸送到銷售點為止。
2. 熱值轉換單位為：32.66 MJ/L。",2012-01-01,2012-12-31,臺灣,2013-09-30,能源局101年度能源統計手冊、能源統計年報、環保署溫室氣體排放係數管理表6.0版及臺灣電力公司網頁,行政院環保署,財團法人工業技術研究院
782,車用汽油(於移動源使用，2012),0.1,MJ,搖籃到大門,"1. 從原油開採開始，經送至國內、分餾、煉製、輸送到銷售點、移動源使用為止。
2. 熱值轉換單位為：32.66 MJ/L。",2012-01-01,2012-12-31,臺灣,2013-09-30,能源局101年度能源統計手冊、能源統計年報、環保署溫室氣體排放係數管理表6.0版及臺灣電力公司網頁,行政院環保署,財團法人工業技術研究院
783,純銅線,4.39,公斤,搖籃至大門,銅條經過伸線加工成銅線，不含外部絕緣材質如PVC、交連PE等。,2011-01-01,2011-12-31,臺灣,2012-12-31,參考日本數據，引用後本土化,經濟部工業局「製造業產品碳足跡輔導與推廣」專案計畫,財團法人工業技術研究院
784,銅箔基板 (印刷電路板用),8.18,公斤,搖籃至大門,為製造印刷電路板之關鍵性基礎材料，以絕緣紙、玻璃纖維布或其它纖維材料經樹脂含浸後所得之黏合片 (Prepreg)與銅箔疊合，於高溫高壓下成形。,2009-01-01,2009-12-31,臺灣,2011-03-31,特定單一場址盤查資料,經濟部工業局「製造業產品碳足跡輔導與推廣」專案計畫,財團法人工業技術研究院
785,無鉛銲錫,7.8496,公斤,搖籃至大門,Sn-Ag-Cu-Bi系列 (JP PAT No.3027441，US PAT No.5527628)，供浸錫、迴焊用，Bi含量在3%以下；仍含微量Pb，約100ppm。,2011-01-01,2011-12-31,臺灣,2012-12-31,參考日本數據，引用後本土化,經濟部工業局「製造業產品碳足跡輔導與推廣」專案計畫,財團法人工業技術研究院
786,乙二醇 (EG),1.37,公斤,搖籃至大門,以環氧乙烷用稀鹽酸水解製得。,2009-01-01,2009-12-31,臺灣,2011-03-31,特定單一場址盤查資料,經濟部工業局「製造業產品碳足跡輔導與推廣」專案計畫,財團法人工業技術研究院
787,異丙醇 (IPA),1.5,公斤,搖籃至大門,直接水合法：丙烯和水在催化劑存在下加溫、加壓進行水合反應。,2009-01-01,2009-12-31,臺灣,2011-03-31,特定單一場址盤查資料,經濟部工業局「製造業產品碳足跡輔導與推廣」專案計畫,財團法人工業技術研究院
788,"甲醛 (蟻醛, 37%)",0.7,公斤,搖籃至大門,由甲醇的高溫催化氧化製取。,2010-01-01,2010-12-31,臺灣,2011-12-31,特定單一場址盤查資料,經濟部工業局「製造業產品碳足跡輔導與推廣」專案計畫,財團法人工業技術研究院
789,"乙醛 (醋醛, 40%)",1.86,公斤,搖籃至大門,利用PdCl2、CuCl2作催化劑，使空氣和乙烯與水反應生成(Wacker法)。,2010-01-01,2010-12-31,臺灣,2011-12-31,特定單一場址盤查資料,經濟部工業局「製造業產品碳足跡輔導與推廣」專案計畫,財團法人工業技術研究院
790,"丁酮 (甲基乙基酮, MEK)",3.15,公斤,搖籃至大門,以二級丁醇脫氫法製造。,2010-01-01,2010-12-31,臺灣,2011-12-31,特定單一場址盤查資料,經濟部工業局「製造業產品碳足跡輔導與推廣」專案計畫,財團法人工業技術研究院
791,二甲苯,2.8,公斤,搖籃至大門,以輕油(Naphtha)裂解製成。,2010-01-01,2010-12-31,臺灣,2011-12-31,特定單一場址盤查資料,經濟部工業局「製造業產品碳足跡輔導與推廣」專案計畫,財團法人工業技術研究院
792,重質鋅氧粉,4.83,公斤,搖籃至大門,"1. 化學濕式法: 將硫酸鋅、氫氧化鈉與水反應，再經過濾、洗滌、乾燥後製成重質鋅氧粉。
2. 係數計算結果，(1)不含原物料至廠家，與產品至銷售點/工廠大門之運輸過程，且不含產品包裝階段；(2)燃料油(重油)包含製造及運輸過程。",2012-01-01,2012-12-31,臺灣,2012-12-31,"1. 環保署環境保護許可管理資訊系統(EMS)
2. 廠家提供",行政院環保署,財團法人工業技術研究院
793,輕質鋅氧粉,2.02,公斤,搖籃至大門,"1. 法國法: 將鋅錠放入坩堝中以高溫將其熔化，再藉由高溫伴隨產生之蒸汽，氧化產生輕質鋅氧粉。
2. 係數計算結果，(1)不含原物料至廠家，與產品至銷售點/工廠大門之運輸過程，且不含產品包裝階段；(2)燃料油(重油)包含製造及運輸過程。",2012-01-01,2012-12-31,臺灣,2012-12-31,"1. 環保署環境保護許可管理資訊系統(EMS)
2. 廠家提供",行政院環保署,財團法人工業技術研究院
794,"磷酸 (H3PO4, 85%)",1.08,公斤,搖籃至大門,採硫酸濕法製程後再進行蒸餾濃縮。,2010-01-01,2010-12-31,臺灣,2011-12-31,特定單一場址盤查資料,經濟部工業局「製造業產品碳足跡輔導與推廣」專案計畫,財團法人工業技術研究院
795,氫氟酸 (HF，48%),3.52,公斤,搖籃至大門,以硫酸分解磷灰石製成。,2011-01-01,2011-12-31,臺灣,2012-12-31,參考日本數據，引用後本土化,經濟部工業局「製造業產品碳足跡輔導與推廣」專案計畫,財團法人工業技術研究院
796,氫氧化鈣(熟石灰),1.57,公斤,搖籃至大門,"1. 將生石灰與水反應製成氫氧化鈣(熟石灰)。
2. 係數計算結果，不含原物料至廠家，與產品至銷售點/工廠大門之運輸過程，且不含產品包裝階段。",2012-01-01,2012-12-31,臺灣,2012-12-31,"1. 環保署環境保護許可管理資訊系統(EMS)
2. 廠家提供",行政院環保署,財團法人工業技術研究院
797,氫氧化銨 (氨水， NH4OH),1.24,公斤,搖籃至大門,以氯化銨和氫氧化鈉混合加熱，產生氨氣，再用向下排空氣法製成。,2011-01-01,2011-12-31,臺灣,2012-12-31,參考日本數據，引用後本土化,經濟部工業局「製造業產品碳足跡輔導與推廣」專案計畫,財團法人工業技術研究院
798,"過氧化氫 (雙氧水，H2O2, 30%)",4.67,公斤,搖籃至大門,以烷基蒽醌如2-乙基蒽醌為媒介物，循環氧化還原製得。,2011-01-01,2011-12-31,臺灣,2012-12-31,參考日本數據，引用後本土化,經濟部工業局「製造業產品碳足跡輔導與推廣」專案計畫,財團法人工業技術研究院
799,食用大豆油,1.23,公斤,搖籃至大門,產品主要原料為黃豆，生產流程包含篩選、脫殼、碎豆、壓片、提油、脫膠、脫酸、水洗，以及脫臭等階段，係經由臨廠盤查計算後之數據。,2012-01-01,2012-12-31,臺灣,2012-10-31,兩家公司實際盤查計算平均值,衛生福利部食品藥物管理署,社團法人臺灣環境管理協會
842,"不飽和聚酯樹脂(UnsaturatedPolyester Resin,UP)",4.01,kg,搖籃至大門,以不飽和二元酸二元醇與二元醇?聚製成,2012-01-01,2012-01-01,台灣,2013-12-31,參考國外數據，引用後本土化(編註:取自英國資料庫),經濟部工業局「製造業產品碳足跡輔導與推廣」專案計畫,財團法人工業技術研究院
800,機器腳踏車(汽油),0.1,延人公里,搖籃至大門,"1. 統計期間內，國內機器腳踏車(汽油)因載運乘客使用之燃料所產生之溫室氣體排放，包括燃料從生產、配售及車輛行駛消耗過程之排放。
2. 不包括機器腳踏車(汽油)車輛製造生產、車輛保養維修及廢棄回收階段之溫室氣體排放量。",2012-01-01,2012-12-31,臺灣,2014-04-07,經濟部能源局、財團法人工業技術研究院及交通部統計處等,交通部運輸研究所,交通部運輸研究所
802,自用小客車(汽油),0.11,延人公里,搖籃到大門,"1. 統計期間內，國內自用小客車(汽油)因載運乘客使用之燃料所產生之溫室氣體排放，包括燃料從生產、配售及車輛行駛消耗過程之排放。
2. 不包括自用小客車(汽油)車輛製造生產、車輛保養維修及廢棄回收階段之溫室氣體排放量。",2012-01-01,2012-12-31,臺灣,2014-04-07,經濟部能源局、財團法人工業技術研究院及交通部統計處等,交通部運輸研究所,交通部運輸研究所
803,營業小客車(汽油),0.13,延人公里,搖籃到大門,"1. 統計期間內，國內營業小客車(汽油)因載運乘客使用之燃料所產生之溫室氣體排放，包括燃料從生產、配售及車輛行駛消耗過程之排放。
2. 不包括營業小客車(汽油)車輛製造生產、車輛保養維修及廢棄回收階段之溫室氣體排放量。",2012-01-01,2012-12-31,臺灣,2014-04-07,經濟部能源局、財團法人工業技術研究院及交通部統計處等,交通部運輸研究所,交通部運輸研究所
806,自用大客車(柴油),0.06,延人公里,搖籃至大門,"1. 統計期間內，國內自用大客車(柴油)因載運乘客使用之燃料所產生之溫室氣體排放，包括燃料從生產、配售及車輛行駛消耗過程之排放。
2. 不包括自用大客車(柴油)車輛製造生產、車輛保養維修及廢棄回收階段之溫室氣體排放量。",2012-01-01,2012-12-31,臺灣,2014-04-07,經濟部能源局、財團法人工業技術研究院及交通部統計處等,交通部運輸研究所,交通部運輸研究所
807,營業大客車(市區公車及公路客運-柴油),0.09,延人公里,搖籃至大門,"1. 統計期間內，國內營業大客車(市區公車及公路客運-柴油)因載運乘客使用之燃料所產生之溫室氣體排放，包括燃料從生產、配售及車輛行駛消耗過程之排放。
2. 不包括營業大客車(市區公車及公路客運-柴油)車輛製造生產、車輛保養維修及廢棄回收階段之溫室氣體排放量。",2012-01-01,2012-12-31,臺灣,2014-04-07,經濟部能源局、財團法人工業技術研究院及交通部統計處等,交通部運輸研究所,營業大客車(市區公車及公路客運-柴油)
814,貨車-營業用,0.13,延噸公里,搖籃到大門,從燃油開採，燃油生產，燃油燃燒及貨物輸送,2010-01-01,2010-12-31,臺灣,2011-02-01,交通部統計處「99年交通統計要覽」、2010年「臺灣能源平衡表」,財團法人工業技術研究院,財團法人工業技術研究院
815,水泥熟料,0.95,公斤,搖籃至大門,"1. 將石灰石、矽砂與黏土等原料混和，以進行生料研磨、入窯煆燒、急速冷卻等程序，製成水泥熟料。
2. 係數計算結果，(1)不含原物料至廠家，與產品至銷售點/工廠大門之運輸過程，且不含產品包裝階段；(2)煤炭包含煤礦開採、處理及運輸過程。",2012-01-01,2012-12-31,臺灣,2012-12-31,"1. 環保署環境保護許可管理資訊系統(EMS)
2. 廠家提供",行政院環保署,財團法人工業技術研究院
816,卜特蘭水泥(乾式),0.94,公斤,搖籃至大門,"1. 將水泥熟料、加入石膏與助磨劑進行研磨，製成卜特蘭水泥(乾式)。
2. 係數計算結果，(1)不含原物料至廠家，與產品至銷售點/工廠大門之運輸過程，且不含產品包裝階段；(2)煤炭包含煤礦開採、處理及運輸過程。",2012-01-01,2012-12-31,臺灣,2012-12-31,"1. 環保署環境保護許可管理資訊系統(EMS)
2. 廠家提供",行政院環保署,財團法人工業技術研究院
817,纖維水泥板/矽酸鈣板,1.12,公斤,搖籃至大門,"1. 原料進料至貯槽混合，經抄造機、裁切機、積合機、烘乾機與砂光機等程序步驟，製成纖維水泥板/矽酸鈣板。
2. 係數計算結果，(1)不含原物料至廠家，與產品至銷售點/工廠大門之運輸過程，且不含產品包裝階段；(2)燃料油(重油)包含製造及運輸過程。",2012-01-01,2012-12-31,臺灣,2012-12-31,"1. 環保署環境保護許可管理資訊系統(EMS)
2. 廠家提供",行政院環保署,財團法人工業技術研究院
818,液態氧 (高純度99.99995%),1.44,公斤,搖籃至大門,將液態氧經低溫分餾純度達到99.99995％。,2009-01-01,2009-12-31,臺灣,2011-03-31,特定單一場址盤查資料,經濟部工業局「製造業產品碳足跡輔導與推廣」專案計畫,財團法人工業技術研究院
819,氮氣 (電子級),0.184,公斤,搖籃至大門,低溫分餾空氣，分離氮氣和氧氣。,2009-01-01,2009-12-31,臺灣,2011-03-31,特定單一場址盤查資料,經濟部工業局「製造業產品碳足跡輔導與推廣」專案計畫,財團法人工業技術研究院
820,闊葉樹漂白硫酸鹽紙漿,3.7,公斤,搖籃至大門,"1. 從林木種植開始，經伐木、運輸到紙漿廠、至化學處理製成紙漿為止 (硫酸鹽製漿法，Sulfate process) 。
2. 木材吸收之碳匯不併入計算，使用木材生質為燃料，計入燃燒時的溫室氣體排放。
3. 製漿廠生產流程為：蒸解→洗漿→漂白→抄漿。",2012-10-01,2013-03-31,臺灣,2013-12-30,特定單一場址盤查資料,行政院環保署,財團法人工業技術研究院
843,醋酸乙酯(乙酸乙酯)(Ethyl Acetate),3.98,kg,搖籃至大門,以乙酸、乙酸酐與乙醇相互作用製得,2012-01-01,2012-01-01,台灣,2013-12-31,參考國外數據，引用後本土化,經濟部工業局「製造業產品碳足跡輔導與推廣」專案計畫,財團法人工業技術研究院
821,脫墨紙漿(再生料),1.46,公斤,搖籃至大門,"1. 從回收業者去清潔隊把廢紙載到回收廠或回收業者取得散戶的廢紙開始，經打包壓縮處理、輸送到處理業，經解包→散漿→除污除渣→篩洗及篩選→脫墨→淨漿→磨漿→漿槽調成，產出脫墨紙漿為止。
2. 脫墨紙漿計算過程將廢紙視為基本流，亦即廢紙不攤提前一世代的環境衝擊。
3. 此與基管會公告應回收紙容器再生紙漿(再生料)差異為脫墨製程之有無。",2012-01-01,2012-12-31,臺灣,2013-12-30,特定單一場址盤查資料,行政院環保署,財團法人工業技術研究院
822,牛皮紙,1.08,公斤,搖籃至大門,原料為長纖維的針葉樹(如雲杉、松樹等)，以硫酸鹽製漿法製成。,2010-01-01,2010-12-31,臺灣,2011-12-31,特定單一場址盤查資料,經濟部工業局「製造業產品碳足跡輔導與推廣」專案計畫,財團法人工業技術研究院
823,抄紙 (裱面紙板),1.16,公斤,搖籃至大門,使用木漿及廢紙混合抄造成裱面紙板 (Testliner board)。,2009-01-01,2009-12-31,臺灣,2011-03-31,特定單一場址盤查資料,經濟部工業局「製造業產品碳足跡輔導與推廣」專案計畫,財團法人工業技術研究院
824,原生木漿影印紙,4.24,公斤,搖籃至大門,"1. 從林木種植開始，經伐木、運輸到漿紙一貫作業廠、木材處理、化學製漿和漂白到抄紙製造出影印紙為止。
2. 生產流程為：紙漿與填料進廠→調漿→淨漿篩選→原生漿→ 抄紙→原生木漿影印紙→包裝。
3. 包括現場能源生產和內部廢水處理。
4. 木材吸收之碳匯不併入計算，使用木材生質為燃料，計入燃燒時的溫室氣體排放。",2012-10-01,2013-03-31,臺灣,2013-12-30,特定單一場址盤查資料,行政院環保署,財團法人工業技術研究院
825,再生影印紙,3.08,公斤,搖籃至大門,"1. 從林木種植開始，經伐木、運輸到漿紙一貫作業廠、木材處理、化學製漿和漂白，之後依臺灣環保標章要求最低摻配比例以上的量，摻入脫墨漿共同抄紙。
2. 生產流程為：針葉樹漂白硫酸鹽紙漿、脫墨漿與填料入廠，暨闊葉樹漂白硫酸鹽紙漿製造→抄紙機→再生影印紙→包裝。
3. 包括現場能源生產和內部廢水處理。
4. 木材吸收之碳匯不併入計算，使用木材生質為燃料，計入燃燒時的溫室氣體排放。
5. 廢紙不攤提前一世代之環境衝擊。",2012-10-01,2013-03-31,臺灣,2013-12-30,特定單一場址盤查資料,行政院環保署,財團法人工業技術研究院
826,乙醇胺( Monoethanolamine),1.84,kg,搖籃至大門,以氨氣與環氧乙烷經過反應器→熱交換→除水→冷凝→乙醇胺。,2013-01-01,2013-12-31,台灣,2014-10-01,環保署EMS資料庫及單一廠商資料提供,行政院環保署,財團法人工業技術研究院
827,平面顯示器用玻璃基板-台灣平均(Thin-filmtransistor liquid crystaldisplay (TFT-LCD) glass-TW),5.86,kg,搖籃至大門,從玻璃原料調配起，經熔融、切割、洗淨、研磨，到品管入庫為止。包含：薄板浮式玻璃製程，溢流融合下拉法製程，以及開口下拉法製程三大製造類型。,2012-01-01,2012-12-31,台灣,2012-12-31,環保署EMS資料庫,行政院環保署,財團法人工業技術研究院
828,合成偶氮類有機顏料(Organic azo pigment (dyes) which includes azo and diazo pigment (dyes)),5.03,kg,搖籃至大門,由第一階段原料調配開始，經反應、磺化、過濾、第二階段原料加入、反應、偶合、縮合、過濾、乾燥、第三階段原料加入、反應、攪拌與純化為止。,2013-01-01,2013-12-31,台灣,2013-12-31,環保署EMS資料庫,行政院環保署,財團法人工業技術研究院
829,玻璃容器 - 台灣平均(Glass container-TW),1.02,kg,搖籃至大門,1.從原料的調配起，經窯爐熔解、吹製過程、徐冷退火、品質檢查為止。2.主要原料包含矽土與再生料-廢玻璃容器-玻璃砂。3.不分玻璃瓶顏色。4.不包含回收後經高溫消毒處理，再次被使用之玻璃容器。,2013-01-01,2013-12-31,台灣,2013-12-31,環保署EMS資料庫,行政院環保署,財團法人工業技術研究院
830,玻璃纖維絲-台灣平均(Fiber glass yarn-TW),2.76,kg,搖籃至大門,從原料調配起，經上漿、熔融、成形捲絲，到捲絲加工為止。,2012-01-01,2012-12-31,台灣,2012-12-31,環保署EMS資料庫,行政院環保署,財團法人工業技術研究院
831,"PC塑膠(聚碳酸酯)-非光氣法，一般級 (Polycarbonate, PC)",9.42,kg,搖籃至大門,以ethyleneoxide和CO2反應生成碳酸二甲酯；再與醋酸苯酯交換生成碳酸二苯酯；然後在熔融狀態下與雙酚A進行酯交換、縮聚製得聚碳酸酯產品。,2012-01-01,2012-12-31,台灣,2013-12-31,特定單一場址盤查資料,經濟部工業局「製造業產品碳足跡輔導與推廣」專案計畫,財團法人工業技術研究院
832,"苯乙烯-丁二烯橡膠(StyreneButadiene Rubber, SBR)",2.41,kg,搖籃至大門,由丁二烯和苯乙烯乳化聚合後，脫水製得,2012-01-01,2012-12-31,台灣,2013-12-31,特定單一場址盤查資料,經濟部工業局「製造業產品碳足跡輔導與推廣」專案計畫,財團法人工業技術研究院
833,"熱可塑性橡膠(ThermoplasticElastomer, TPE)",3.76,kg,搖籃至大門,苯乙烯與以丁二烯做為配合單體形成的嵌段式共聚合製得,2012-01-01,2012-12-31,台灣,2013-12-31,特定單一場址盤查資料,經濟部工業局「製造業產品碳足跡輔導與推廣」專案計畫,財團法人工業技術研究院
835,二氧化鈦 (非食品級) (TitaniumDioxide (Non-food grade)),4.28,kg,搖籃至大門,採硫酸法製程，鈦鐵礦經濃硫酸酸解、浸取、沉降、冷凍分離副產硫酸亞鐵後，加晶種使硫酸氧鈦分解生成偏鈦酸。經水洗後?燒、粉碎製得,2012-01-01,2012-12-31,台灣,2013-12-31,參考國外數據，引用後本土化(編註:取用美國資料庫之metadata),經濟部工業局「製造業產品碳足跡輔導與推廣」專案計畫,財團法人工業技術研究院
836,氨(Ammonia),1.87,kg,搖籃至大門,在200ATM和500℃的條件下，以氧化鐵為催化劑，加熱氮氣和氫氣製得,2012-01-01,2012-01-01,台灣,2013-12-31,參考國外數據，引用後本土化,經濟部工業局「製造業產品碳足跡輔導與推廣」專案計畫,財團法人工業技術研究院
837,"鹽酸, 37% (HydrochloricAcid, 37%)",1.69,kg,搖籃至大門,電解飽和的氯化鈉溶液，製取氯氣、氫氧化鈉、氫氣。氯氣和氫氣反應可以製取氯化氫氣體，溶於水後成為鹽酸,2012-01-01,2012-01-01,台灣,2013-12-31,參考國外數據，引用後本土化(編註:取自日本資料庫),經濟部工業局「製造業產品碳足跡輔導與推廣」專案計畫,財團法人工業技術研究院
838,"硫酸, 98% (Sulfuric Acid, 98%)",1.75,kg,搖籃至大門,採「濕硫酸法」，燃燒硫為二氧化硫，在催化劑五氧化二釩的作用下，經水合製得,2012-01-01,2012-01-01,台灣,2013-12-31,參考國外數據，引用後本土化(編註:取自日本資料庫),經濟部工業局「製造業產品碳足跡輔導與推廣」專案計畫,財團法人工業技術研究院
839,"氫氧化鈉(液鹼), 45% (SodiumHydroxide, 45%)",1.54,kg,搖籃至大門,電解飽和的氯化鈉溶液，製取氯氣、氫氧化鈉、氫氣。而後氯離子氧化成氯氣逸出就可製得氫氧化鈉,2012-01-01,2012-01-01,台灣,2013-12-31,參考國外數據，引用後本土化(編註:取自日本資料庫),經濟部工業局「製造業產品碳足跡輔導與推廣」專案計畫,財團法人工業技術研究院
840,甲醇(Methanol),2.34,kg,搖籃至大門,合成氨聯產甲醇法(聯醇法)。將合成後的粗甲醇，經預精餾脫除甲醚，精餾而得,2012-01-01,2012-01-01,台灣,2013-12-31,參考國外數據，引用後本土化,經濟部工業局「製造業產品碳足跡輔導與推廣」專案計畫,財團法人工業技術研究院
841,乙醇(Ethanol),2.57,kg,搖籃至大門,乙烯水化法，將乙烯通過固體酸催化劑直接與水反應生成,2012-01-01,2012-01-01,台灣,2013-12-31,參考國外數據，引用後本土化(編註:取自日本資料庫),經濟部工業局「製造業產品碳足跡輔導與推廣」專案計畫,財團法人工業技術研究院
844,"丁?橡膠(NitrileButadiene Rubber, NBR)",3.47,kg,搖籃至大門,丙烯?與丁二烯單體以乳化聚合法製成,2012-01-01,2012-01-01,台灣,2013-12-31,參考國外數據，引用後本土化(編註:取自日本資料庫),經濟部工業局「製造業產品碳足跡輔導與推廣」專案計畫,財團法人工業技術研究院
845,"聚丁二烯橡膠 (ButadieneRubber, BR)",2.86,kg,搖籃至大門,以丁二烯經溶劑聚合法製成,2012-01-01,2012-01-01,台灣,2013-12-31,參考國外數據，引用後本土化(編註:取自日本資料庫),經濟部工業局「製造業產品碳足跡輔導與推廣」專案計畫,財團法人工業技術研究院
846,"SAN塑膠(Styrene - AcrylonitrileResin, General)",2.42,kg,搖籃至大門,以苯乙烯和丙烯?經懸浮聚合法製成,2012-01-01,2012-01-01,台灣,2013-12-31,參考國外數據，引用後本土化(編註:取自日本資料庫),經濟部工業局「製造業產品碳足跡輔導與推廣」專案計畫,財團法人工業技術研究院
847,鋅錠(Zinc Slab),9.18,kg,搖籃至大門,水法冶煉電解，利用硫酸將氧化鋅溶解後精鍊，再透過電解製得,2012-01-01,2012-01-01,台灣,2013-12-31,參考國外數據，引用後本土化(編註:取自英國資料庫),經濟部工業局「製造業產品碳足跡輔導與推廣」專案計畫,財團法人工業技術研究院
848,"多元氯化鋁(PolyaluminiumChloride, PAC)",3.57,kg,搖籃至大門,鋁灰鹽酸法，將鋁灰加入洗滌水的反應器中，然後加入鹽酸，再進行沉降、稀釋過濾、乾燥製得,2012-01-01,2012-01-01,台灣,2013-12-31,參考國外數據，引用後本土化(編註:取自日本資料庫),經濟部工業局「製造業產品碳足跡輔導與推廣」專案計畫,財團法人工業技術研究院
849,"乙烯丙烯橡膠(EthylenePropylene DieneMonomer, EPDM)",2.89,kg,搖籃至大門,乙烯、丙烯與微量的二烯烴，三元共聚製得,2012-01-01,2012-01-01,台灣,2013-12-31,參考國外數據，引用後本土化(編註:取自美國資料庫),經濟部工業局「製造業產品碳足跡輔導與推廣」專案計畫,財團法人工業技術研究院
850,亞硝酸鹽 (工業鹽)(Nitrite),2.01,kg,搖籃至大門,以硝酸鹽為原料，分解製得,2012-01-01,2012-01-01,台灣,2013-12-31,參考國外數據，引用後本土化(編註:取自英國資料庫),經濟部工業局「製造業產品碳足跡輔導與推廣」專案計畫,財團法人工業技術研究院
851,碳酸氫鈉 (小蘇打) (SodiumHydrogen Carbonate),2.13,kg,搖籃至大門,將碳酸鈉溶液，在碳化塔中通過二氧化碳碳化後，再經分離乾燥製得,2012-01-01,2012-01-01,台灣,2013-12-31,參考國外數據，引用後本土化(編註:取自美國資料庫),經濟部工業局「製造業產品碳足跡輔導與推廣」專案計畫,財團法人工業技術研究院
852,"陰離子性有機界面活性劑(Anionic, OrganicSurface-Active Agents)",2.84,kg,搖籃至大門,醋酸鹽、鹼鹽(Na、K、Ca)、及有機胺鹽水解製得，通常為鹼性（pH9.4）,2012-01-01,2012-01-01,台灣,2013-12-31,參考國外數據，引用後本土化(編註:取自英國資料庫),經濟部工業局「製造業產品碳足跡輔導與推廣」專案計畫,財團法人工業技術研究院
853,陽離子性有機界面活性劑(Cationic Organic Surface-Active Agents),2.95,kg,搖籃至大門,有機胺鹽類與第四級銨鹽類(氮、磷、硫)，以陰離子之Cl-、Br-、I-、CH2OSO3-、C2H5OSO3-等配位結合製成。通常呈弱酸性,2012-01-01,2012-01-01,台灣,2013-12-31,參考國外數據，引用後本土化(編註:取自日本資料庫),經濟部工業局「製造業產品碳足跡輔導與推廣」專案計畫,財團法人工業技術研究院
854,非離子性有機界面活性劑(Non-ionic OrganicSurface-Active Agents),2.75,kg,搖籃至大門,以聚氧乙烯烷基醚〔RO-(CH2CH2O)n-H〕之水溶液為代表，雖為弱酸性（pH5~6）。但一般製品多調整為中性,2012-01-01,2012-01-01,台灣,2013-12-31,參考國外數據，引用後本土化,經濟部工業局「製造業產品碳足跡輔導與推廣」專案計畫,財團法人工業技術研究院
855,特製液糖 20 公噸( 67.1 o Bx 20 MTBulk Truck ),7.03,公噸,搖籃至大門,由原料糖生產至製成特製液糖等過程槽車裝，無包裝,2010-01-01,2010-12-31,台灣,2011-06-07,特定單一廠址盤查,台灣糖業公司,財團法人成大研究發展基金會成功大學產業永續發展中心
856,精製二砂 25 公斤(Refined GoldenSugar- 25 Kg LaminatedPolypropylene Bag),14.67,kg,搖籃至大門,由原料糖生產至製成精製二砂等過程包裝袋為0.17kgCO2e/25kg精製二砂,2010-01-01,2010-12-31,台灣,2011-06-07,特定單一廠址盤查,台灣糖業公司,財團法人成大研究發展基金會成功大學產業永續發展中心
857,精製細砂 25 公斤(Refined FineWhite Sugar-25 Kg LaminatedPolypropylene Bag withPolyethylene Lining),15.47,kg,搖籃至大門,由原料糖生產至製成精製細砂等過程包裝袋為0.171kgCO2e/25kg精製細砂,2010-01-01,2010-12-31,台灣,2011-06-07,特定單一廠址盤查,台灣糖業公司,財團法人成大研究發展基金會成功大學產業永續發展中心
858,自產二砂 50 公斤(GoldenSugar- 50 Kg PolypropyleneWoven Bag),57.95,kg,搖籃至大門,由甘蔗生產至製成自產二砂等過程。包裝袋為0.44kgCO2e/每50kg自產二砂,2010-05-01,2011-04-30,台灣,2012-07-06,台糖虎尾廠與善化廠實際盤查資料,台灣糖業公司,財團法人成大研究發展基金會成功大學產業永續發展中心
859,精製特砂 50 公斤(Refined WhiteSugar- 50 Kg PolypropyleneWoven Bag),29.6,kg,搖籃至大門,由原料糖生產至製成精製特砂等過程包裝袋為0.28kgCO2e/50kg精製特砂,2010-01-01,2010-12-31,台灣,2011-06-07,特定單一廠址盤查,台灣糖業公司,財團法人成大研究發展基金會成功大學產業永續發展中心
860,精製特砂太空袋 1 公噸(RefinedWhite Sugar- 1 MT SupersackBag),606.55,公噸,搖籃至大門,由原料糖生產至製成精製特砂等過程包裝袋為:PP編織0.17kgCO2e/1公噸精製特砂太空袋、PE內袋3.98kgCO2e/1公噸精製特砂太空袋。,2010-01-01,2010-12-31,台灣,2011-06-07,特定單一廠址盤查,台灣糖業公司,財團法人成大研究發展基金會成功大學產業永續發展中心
861,"養殖石斑魚活體( Live Grouper,Aquaculture)",5834.88,公噸,搖籃至大門,由從受精卵養至800g/尾之體型後，送至販售點，經消費者購買食用後，將廢棄物送至焚化處理。,2013-01-01,2013-12-31,台灣,2013-12-31,由廠商提供資料分配估計所得,行政院農業委員會漁業署,國立台灣海洋大學水產養殖系
862,"養殖石斑魚條凍 ( FrozenGrouper, Aquaculture)",7072.67,公噸,搖籃至墳墓,從受精卵養至800g/尾之體型後，送至加工廠製成條凍產品，經消費者購買食用後，將包裝廢棄回收。,2013-01-01,2013-12-31,台灣,2013-12-31,由廠商提供資料分配估計所得,行政院農業委員會漁業署,國立台灣海洋大學水產養殖系
863,"養殖吳郭魚冷凍魚片 (FrozenFillets of Tilapia, Aquaculture)",4476.42,公噸,搖籃至墳墓,從受精卵養至1.2公斤/尾之體型後，送至加工廠製成魚片產品，經消費者購買食用後，將包裝廢棄回收。,2013-05-01,2013-12-31,台灣,2013-12-31,由廠商提供資料分配估計所得,行政院農業委員會漁業署,國立台灣海洋大學水產養殖系
864,"盒裝去殼牡蠣(Fresh ShuckedOysters, Packed)",1096.25,公噸,搖籃至大門,由牡蠣殼取得，再送至養殖海域吊掛，經6個月養殖後採收去殼，再送至配銷處。,2013-05-01,2013-12-31,台灣,2013-12-31,特定單一區域盤查,行政院農業委員會漁業署,國立台灣海洋大學水產養殖系
865,"南部科學工業園區管理局-高雄園區廢水處理排放服務(Wastewater treatment, SouthernTaiwan Science Park-KaohsiungPark)",0.61,公噸,搖籃至大門,高雄園區污水處理廠為接觸曝氣法再加混凝沉澱及砂濾之三級處理廠。原污水經進流水抽水站（含前處理之攔污、量水）、沉砂池及調節池後，經初級沉澱池送至生物接觸曝氣池進行曝氣氧化及生物處理，並經二級沉澱池分離生物污泥，再經由化學混凝沉澱程序，處理後的放流水經砂濾後可直接送至放流水及回收水池回收或排放。污水處理廠產生之污泥，經由污泥濃縮設施，再送至污泥脫水機或曬乾床脫水後，委託合法清運廠商清運至合法處理場所。,2011-01-01,2011-12-31,台灣,2011-12-31,特定單一區域盤查,南部科學工業園區管理局,成大研究發展基金會(提供相關表格之計算)
866,"南部科學工業園區管理局-台南園區廢水處理排放服務(Wastewatertreatment, Southern Taiwan SciencePark- Tainan Park)",0.77,公噸,搖籃至大門,台南園區ㄧ期基地污水處理廠主要處理單元為接觸曝氣法加混凝沉澱，再經砂濾系統之三級處理廠。原污水經進流抽水站(含前處理之攔污、量水)、沉砂池、調節池及pH中和池後，送至接觸曝氣池進行生物分解及曝氣氧化，再經化學混凝沉澱池後分離污泥，處理後之放流水經砂濾後可直接送至放流水抽水站排放，少量放流水回收至廠內澆灌、脫水機濾布清洗及園區抑制揚塵使用，處理流程如下所示。進流站-->渦流沉砂池-->調節池-->中和池-->接觸曝氣池-->快慢混池-->混凝沉澱池-->砂濾池-->放流池,2011-01-01,2011-12-31,台灣,2011-12-31,特定單一場址盤查資料,南部科學工業園區管理局,成大研究發展基金會(提供相關表格之計算)
867,石英晶體振盪器 -BB 系列(Crystal Oscillators of BB series),0.09,顆,搖籃至大門,石英晶體震盪器的生產技術可分成二大區塊。前半段屬無塵室製程，包括有清洗、鍍膜、DieBond、WireBond、上片、烤膠、微調與銲封；後半段為產品測試過程，主要有Aging、reflow、測漏、marking、電性測試、包裝。,2013-01-01,2013-12-31,臺灣,2014-07-30,台灣晶技股份有限公司,台灣晶技股份有限公司,台灣晶技自行蒐集盤查（使用工研院DoITPro資料庫）
868,石英晶體諧振器車用電子零件-AB 系列(Automotive Electronics -SMD Seam SealingCrystals (AB series)),0.09,顆,搖籃至大門,石英晶體諧振器的生產技術可分成二大區塊。前半段屬無塵室製程，包括有清洗、鍍膜、上片、烤膠、微調與銲封；後半段為產品測試過程，主要有Aging、reflow、測漏、marking、電性測試、包裝。,2012-01-01,2012-12-31,臺灣,2014-07-30,台灣晶技股份有限公司,台灣晶技股份有限公司,台灣晶技自行蒐集盤查（使用工研院DoITPro資料庫）
869,石英晶體諧振器車用電子零件-AM 系列(Automotive Electronics -SMD Seam SealingCrystals (AM series)),0.09,顆,搖籃至大門,石英晶體諧振器的生產技術可分成二大區塊。前半段屬無塵室製程，包括有清洗、鍍膜、上片、烤膠、微調與銲封；後半段為產品測試過程，主要有Aging、reflow、測漏、marking、電性測試、包裝。,2011-01-01,2011-12-31,臺灣,2014-07-30,台灣晶技股份有限公司,台灣晶技股份有限公司,台灣晶技自行蒐集盤查（使用工研院DoITPro資料庫）
870,T-12型熱敏CTP 版(含顯影劑)(T-12 Thermal Computer toPlate ),8.39,平方公尺,搖籃至大門,鋁版開卷→化學脫脂→電解研磨平坦化→去沉澱物→陽極氧化硬化→化學封孔親水化→塗佈→IR乾燥→裁切→包裝。,2012-06-01,2012-08-31,台灣,2012-10-03,特定單一廠址盤查資料,太普高精密影像股份有限公司,財團法人印刷工業技術研究中心
